job_id,runner,architecture_id,target,feature_set,with_abs,wavelet_mode,cmd
J0001,tcn_runner.py,TCN1,lt1,EMG,true,none,PYTHONPATH=. uv run python tcn_runner.py --architecture TCN1 --target lt1 --feature-set EMG --with-abs --max-epochs 40
J0002,tcn_runner.py,TCN1,lt1,EMG,false,none,PYTHONPATH=. uv run python tcn_runner.py --architecture TCN1 --target lt1 --feature-set EMG --no-abs --max-epochs 40
J0003,tcn_runner.py,TCN1,lt1,EMG+NIRS,true,none,PYTHONPATH=. uv run python tcn_runner.py --architecture TCN1 --target lt1 --feature-set EMG+NIRS --with-abs --max-epochs 40
J0004,tcn_runner.py,TCN1,lt1,EMG+NIRS,false,none,PYTHONPATH=. uv run python tcn_runner.py --architecture TCN1 --target lt1 --feature-set EMG+NIRS --no-abs --max-epochs 40
J0005,tcn_runner.py,TCN1,lt1,EMG+NIRS+HRV,true,none,PYTHONPATH=. uv run python tcn_runner.py --architecture TCN1 --target lt1 --feature-set EMG+NIRS+HRV --with-abs --max-epochs 40
J0006,tcn_runner.py,TCN1,lt1,EMG+NIRS+HRV,false,none,PYTHONPATH=. uv run python tcn_runner.py --architecture TCN1 --target lt1 --feature-set EMG+NIRS+HRV --no-abs --max-epochs 40
J0007,tcn_runner.py,TCN1,lt2,EMG,true,none,PYTHONPATH=. uv run python tcn_runner.py --architecture TCN1 --target lt2 --feature-set EMG --with-abs --max-epochs 40
J0008,tcn_runner.py,TCN1,lt2,EMG,false,none,PYTHONPATH=. uv run python tcn_runner.py --architecture TCN1 --target lt2 --feature-set EMG --no-abs --max-epochs 40
J0009,tcn_runner.py,TCN1,lt2,EMG+NIRS,true,none,PYTHONPATH=. uv run python tcn_runner.py --architecture TCN1 --target lt2 --feature-set EMG+NIRS --with-abs --max-epochs 40
J0010,tcn_runner.py,TCN1,lt2,EMG+NIRS,false,none,PYTHONPATH=. uv run python tcn_runner.py --architecture TCN1 --target lt2 --feature-set EMG+NIRS --no-abs --max-epochs 40
J0011,tcn_runner.py,TCN1,lt2,EMG+NIRS+HRV,true,none,PYTHONPATH=. uv run python tcn_runner.py --architecture TCN1 --target lt2 --feature-set EMG+NIRS+HRV --with-abs --max-epochs 40
J0012,tcn_runner.py,TCN1,lt2,EMG+NIRS+HRV,false,none,PYTHONPATH=. uv run python tcn_runner.py --architecture TCN1 --target lt2 --feature-set EMG+NIRS+HRV --no-abs --max-epochs 40
J0013,tcn_runner.py,TCN2,lt1,EMG,true,none,PYTHONPATH=. uv run python tcn_runner.py --architecture TCN2 --target lt1 --feature-set EMG --with-abs --max-epochs 40
J0014,tcn_runner.py,TCN2,lt1,EMG,false,none,PYTHONPATH=. uv run python tcn_runner.py --architecture TCN2 --target lt1 --feature-set EMG --no-abs --max-epochs 40
J0015,tcn_runner.py,TCN2,lt1,EMG+NIRS,true,none,PYTHONPATH=. uv run python tcn_runner.py --architecture TCN2 --target lt1 --feature-set EMG+NIRS --with-abs --max-epochs 40
J0016,tcn_runner.py,TCN2,lt1,EMG+NIRS,false,none,PYTHONPATH=. uv run python tcn_runner.py --architecture TCN2 --target lt1 --feature-set EMG+NIRS --no-abs --max-epochs 40
J0017,tcn_runner.py,TCN2,lt1,EMG+NIRS+HRV,true,none,PYTHONPATH=. uv run python tcn_runner.py --architecture TCN2 --target lt1 --feature-set EMG+NIRS+HRV --with-abs --max-epochs 40
J0018,tcn_runner.py,TCN2,lt1,EMG+NIRS+HRV,false,none,PYTHONPATH=. uv run python tcn_runner.py --architecture TCN2 --target lt1 --feature-set EMG+NIRS+HRV --no-abs --max-epochs 40
J0019,tcn_runner.py,TCN2,lt2,EMG,true,none,PYTHONPATH=. uv run python tcn_runner.py --architecture TCN2 --target lt2 --feature-set EMG --with-abs --max-epochs 40
J0020,tcn_runner.py,TCN2,lt2,EMG,false,none,PYTHONPATH=. uv run python tcn_runner.py --architecture TCN2 --target lt2 --feature-set EMG --no-abs --max-epochs 40
J0021,tcn_runner.py,TCN2,lt2,EMG+NIRS,true,none,PYTHONPATH=. uv run python tcn_runner.py --architecture TCN2 --target lt2 --feature-set EMG+NIRS --with-abs --max-epochs 40
J0022,tcn_runner.py,TCN2,lt2,EMG+NIRS,false,none,PYTHONPATH=. uv run python tcn_runner.py --architecture TCN2 --target lt2 --feature-set EMG+NIRS --no-abs --max-epochs 40
J0023,tcn_runner.py,TCN2,lt2,EMG+NIRS+HRV,true,none,PYTHONPATH=. uv run python tcn_runner.py --architecture TCN2 --target lt2 --feature-set EMG+NIRS+HRV --with-abs --max-epochs 40
J0024,tcn_runner.py,TCN2,lt2,EMG+NIRS+HRV,false,none,PYTHONPATH=. uv run python tcn_runner.py --architecture TCN2 --target lt2 --feature-set EMG+NIRS+HRV --no-abs --max-epochs 40
J0025,tcn_runner.py,TCN3,lt1,EMG,true,dwt,PYTHONPATH=. uv run python tcn_runner.py --architecture TCN3 --target lt1 --feature-set EMG --with-abs --max-epochs 40
J0026,tcn_runner.py,TCN3,lt1,EMG,false,dwt,PYTHONPATH=. uv run python tcn_runner.py --architecture TCN3 --target lt1 --feature-set EMG --no-abs --max-epochs 40
J0027,tcn_runner.py,TCN3,lt1,EMG+NIRS,true,dwt,PYTHONPATH=. uv run python tcn_runner.py --architecture TCN3 --target lt1 --feature-set EMG+NIRS --with-abs --max-epochs 40
J0028,tcn_runner.py,TCN3,lt1,EMG+NIRS,false,dwt,PYTHONPATH=. uv run python tcn_runner.py --architecture TCN3 --target lt1 --feature-set EMG+NIRS --no-abs --max-epochs 40
J0029,tcn_runner.py,TCN3,lt1,EMG+NIRS+HRV,true,dwt,PYTHONPATH=. uv run python tcn_runner.py --architecture TCN3 --target lt1 --feature-set EMG+NIRS+HRV --with-abs --max-epochs 40
J0030,tcn_runner.py,TCN3,lt1,EMG+NIRS+HRV,false,dwt,PYTHONPATH=. uv run python tcn_runner.py --architecture TCN3 --target lt1 --feature-set EMG+NIRS+HRV --no-abs --max-epochs 40
J0031,tcn_runner.py,TCN3,lt2,EMG,true,dwt,PYTHONPATH=. uv run python tcn_runner.py --architecture TCN3 --target lt2 --feature-set EMG --with-abs --max-epochs 40
J0032,tcn_runner.py,TCN3,lt2,EMG,false,dwt,PYTHONPATH=. uv run python tcn_runner.py --architecture TCN3 --target lt2 --feature-set EMG --no-abs --max-epochs 40
J0033,tcn_runner.py,TCN3,lt2,EMG+NIRS,true,dwt,PYTHONPATH=. uv run python tcn_runner.py --architecture TCN3 --target lt2 --feature-set EMG+NIRS --with-abs --max-epochs 40
J0034,tcn_runner.py,TCN3,lt2,EMG+NIRS,false,dwt,PYTHONPATH=. uv run python tcn_runner.py --architecture TCN3 --target lt2 --feature-set EMG+NIRS --no-abs --max-epochs 40
J0035,tcn_runner.py,TCN3,lt2,EMG+NIRS+HRV,true,dwt,PYTHONPATH=. uv run python tcn_runner.py --architecture TCN3 --target lt2 --feature-set EMG+NIRS+HRV --with-abs --max-epochs 40
J0036,tcn_runner.py,TCN3,lt2,EMG+NIRS+HRV,false,dwt,PYTHONPATH=. uv run python tcn_runner.py --architecture TCN3 --target lt2 --feature-set EMG+NIRS+HRV --no-abs --max-epochs 40
J0037,tcn_runner.py,TCN4,lt1,EMG,true,none,PYTHONPATH=. uv run python tcn_runner.py --architecture TCN4 --target lt1 --feature-set EMG --with-abs --max-epochs 40
J0038,tcn_runner.py,TCN4,lt1,EMG,false,none,PYTHONPATH=. uv run python tcn_runner.py --architecture TCN4 --target lt1 --feature-set EMG --no-abs --max-epochs 40
J0039,tcn_runner.py,TCN4,lt1,EMG+NIRS,true,none,PYTHONPATH=. uv run python tcn_runner.py --architecture TCN4 --target lt1 --feature-set EMG+NIRS --with-abs --max-epochs 40
J0040,tcn_runner.py,TCN4,lt1,EMG+NIRS,false,none,PYTHONPATH=. uv run python tcn_runner.py --architecture TCN4 --target lt1 --feature-set EMG+NIRS --no-abs --max-epochs 40
J0041,tcn_runner.py,TCN4,lt1,EMG+NIRS+HRV,true,none,PYTHONPATH=. uv run python tcn_runner.py --architecture TCN4 --target lt1 --feature-set EMG+NIRS+HRV --with-abs --max-epochs 40
J0042,tcn_runner.py,TCN4,lt1,EMG+NIRS+HRV,false,none,PYTHONPATH=. uv run python tcn_runner.py --architecture TCN4 --target lt1 --feature-set EMG+NIRS+HRV --no-abs --max-epochs 40
J0043,tcn_runner.py,TCN4,lt2,EMG,true,none,PYTHONPATH=. uv run python tcn_runner.py --architecture TCN4 --target lt2 --feature-set EMG --with-abs --max-epochs 40
J0044,tcn_runner.py,TCN4,lt2,EMG,false,none,PYTHONPATH=. uv run python tcn_runner.py --architecture TCN4 --target lt2 --feature-set EMG --no-abs --max-epochs 40
J0045,tcn_runner.py,TCN4,lt2,EMG+NIRS,true,none,PYTHONPATH=. uv run python tcn_runner.py --architecture TCN4 --target lt2 --feature-set EMG+NIRS --with-abs --max-epochs 40
J0046,tcn_runner.py,TCN4,lt2,EMG+NIRS,false,none,PYTHONPATH=. uv run python tcn_runner.py --architecture TCN4 --target lt2 --feature-set EMG+NIRS --no-abs --max-epochs 40
J0047,tcn_runner.py,TCN4,lt2,EMG+NIRS+HRV,true,none,PYTHONPATH=. uv run python tcn_runner.py --architecture TCN4 --target lt2 --feature-set EMG+NIRS+HRV --with-abs --max-epochs 40
J0048,tcn_runner.py,TCN4,lt2,EMG+NIRS+HRV,false,none,PYTHONPATH=. uv run python tcn_runner.py --architecture TCN4 --target lt2 --feature-set EMG+NIRS+HRV --no-abs --max-epochs 40
