job_id,cmd,status,pid,log_path,start_iso,end_iso,exit_code,gpu_util_at_start,gpu_mem_pct_at_start
J0001,PYTHONPATH=. uv run python tcn_runner.py --architecture TCN1 --target lt1 --feature-set EMG --with-abs --max-epochs 40,done,24578,orchestrator/local_logs/J0001.log,2026-05-18T00:21:59,2026-05-18T01:33:07,0,0,0
J0002,PYTHONPATH=. uv run python tcn_runner.py --architecture TCN1 --target lt1 --feature-set EMG --no-abs --max-epochs 40,done,25266,orchestrator/local_logs/J0002.log,2026-05-18T00:22:09,2026-05-18T01:33:37,0,0,0
J0003,PYTHONPATH=. uv run python tcn_runner.py --architecture TCN1 --target lt1 --feature-set EMG+NIRS --with-abs --max-epochs 40,done,26072,orchestrator/local_logs/J0003.log,2026-05-18T00:22:19,2026-05-18T01:34:58,0,0,0
J0004,PYTHONPATH=. uv run python tcn_runner.py --architecture TCN1 --target lt1 --feature-set EMG+NIRS --no-abs --max-epochs 40,done,26890,orchestrator/local_logs/J0004.log,2026-05-18T00:22:29,2026-05-18T01:34:07,0,0,0
J0005,PYTHONPATH=. uv run python tcn_runner.py --architecture TCN1 --target lt1 --feature-set EMG+NIRS+HRV --with-abs --max-epochs 40,done,27605,orchestrator/local_logs/J0005.log,2026-05-18T00:22:39,2026-05-18T01:38:28,0,0,0
J0006,PYTHONPATH=. uv run python tcn_runner.py --architecture TCN1 --target lt1 --feature-set EMG+NIRS+HRV --no-abs --max-epochs 40,done,28327,orchestrator/local_logs/J0006.log,2026-05-18T00:22:49,2026-05-18T01:38:38,0,0,0
J0007,PYTHONPATH=. uv run python tcn_runner.py --architecture TCN1 --target lt2 --feature-set EMG --with-abs --max-epochs 40,done,29126,orchestrator/local_logs/J0007.log,2026-05-18T00:22:59,2026-05-18T01:22:56,0,0,0
J0008,PYTHONPATH=. uv run python tcn_runner.py --architecture TCN1 --target lt2 --feature-set EMG --no-abs --max-epochs 40,done,29811,orchestrator/local_logs/J0008.log,2026-05-18T00:23:09,2026-05-18T01:22:16,0,0,0
J0009,PYTHONPATH=. uv run python tcn_runner.py --architecture TCN1 --target lt2 --feature-set EMG+NIRS --with-abs --max-epochs 40,done,56799,orchestrator/local_logs/J0009.log,2026-05-18T01:22:16,2026-05-18T02:20:33,0,0,0
J0010,PYTHONPATH=. uv run python tcn_runner.py --architecture TCN1 --target lt2 --feature-set EMG+NIRS --no-abs --max-epochs 40,done,58863,orchestrator/local_logs/J0010.log,2026-05-18T01:22:56,2026-05-18T02:20:53,0,0,0
J0011,PYTHONPATH=. uv run python tcn_runner.py --architecture TCN1 --target lt2 --feature-set EMG+NIRS+HRV --with-abs --max-epochs 40,done,81193,orchestrator/local_logs/J0011.log,2026-05-18T01:33:07,2026-05-18T02:33:55,0,0,0
J0012,PYTHONPATH=. uv run python tcn_runner.py --architecture TCN1 --target lt2 --feature-set EMG+NIRS+HRV --no-abs --max-epochs 40,done,83232,orchestrator/local_logs/J0012.log,2026-05-18T01:33:37,2026-05-18T02:34:55,0,0,0
J0013,PYTHONPATH=. uv run python tcn_runner.py --architecture TCN2 --target lt1 --feature-set EMG --with-abs --max-epochs 40,done,84944,orchestrator/local_logs/J0013.log,2026-05-18T01:34:07,2026-05-18T03:01:28,0,0,0
J0014,PYTHONPATH=. uv run python tcn_runner.py --architecture TCN2 --target lt1 --feature-set EMG --no-abs --max-epochs 40,done,87697,orchestrator/local_logs/J0014.log,2026-05-18T01:34:58,2026-05-18T03:02:48,0,0,0
J0015,PYTHONPATH=. uv run python tcn_runner.py --architecture TCN2 --target lt1 --feature-set EMG+NIRS --with-abs --max-epochs 40,done,96692,orchestrator/local_logs/J0015.log,2026-05-18T01:38:28,2026-05-18T03:07:09,0,0,0
J0016,PYTHONPATH=. uv run python tcn_runner.py --architecture TCN2 --target lt1 --feature-set EMG+NIRS --no-abs --max-epochs 40,done,97375,orchestrator/local_logs/J0016.log,2026-05-18T01:38:38,2026-05-18T03:06:29,0,0,0
J0017,PYTHONPATH=. uv run python tcn_runner.py --architecture TCN2 --target lt1 --feature-set EMG+NIRS+HRV --with-abs --max-epochs 40,done,85769,orchestrator/local_logs/J0017.log,2026-05-18T02:20:33,2026-05-18T03:50:34,0,0,0
J0018,PYTHONPATH=. uv run python tcn_runner.py --architecture TCN2 --target lt1 --feature-set EMG+NIRS+HRV --no-abs --max-epochs 40,done,87478,orchestrator/local_logs/J0018.log,2026-05-18T02:20:53,2026-05-18T03:51:14,0,0,0
J0019,PYTHONPATH=. uv run python tcn_runner.py --architecture TCN2 --target lt2 --feature-set EMG --with-abs --max-epochs 40,done,15934,orchestrator/local_logs/J0019.log,2026-05-18T02:33:55,2026-05-18T03:45:13,0,0,0
J0020,PYTHONPATH=. uv run python tcn_runner.py --architecture TCN2 --target lt2 --feature-set EMG --no-abs --max-epochs 40,done,19036,orchestrator/local_logs/J0020.log,2026-05-18T02:34:55,2026-05-18T03:45:43,0,0,0
J0021,PYTHONPATH=. uv run python tcn_runner.py --architecture TCN2 --target lt2 --feature-set EMG+NIRS --with-abs --max-epochs 40,done,75415,orchestrator/local_logs/J0021.log,2026-05-18T03:01:28,2026-05-18T04:13:16,0,0,0
J0022,PYTHONPATH=. uv run python tcn_runner.py --architecture TCN2 --target lt2 --feature-set EMG+NIRS --no-abs --max-epochs 40,done,78871,orchestrator/local_logs/J0022.log,2026-05-18T03:02:48,2026-05-18T04:12:56,0,0,0
J0023,PYTHONPATH=. uv run python tcn_runner.py --architecture TCN2 --target lt2 --feature-set EMG+NIRS+HRV --with-abs --max-epochs 40,done,87523,orchestrator/local_logs/J0023.log,2026-05-18T03:06:29,2026-05-18T04:18:46,0,0,0
J0024,PYTHONPATH=. uv run python tcn_runner.py --architecture TCN2 --target lt2 --feature-set EMG+NIRS+HRV --no-abs --max-epochs 40,done,89602,orchestrator/local_logs/J0024.log,2026-05-18T03:07:09,2026-05-18T04:18:16,0,0,0
J0025,PYTHONPATH=. uv run python tcn_runner.py --architecture TCN3 --target lt1 --feature-set EMG --with-abs --max-epochs 40,done,70929,orchestrator/local_logs/J0025.log,2026-05-18T03:45:13,2026-05-18T05:19:51,0,0,0
J0026,PYTHONPATH=. uv run python tcn_runner.py --architecture TCN3 --target lt1 --feature-set EMG --no-abs --max-epochs 40,done,72659,orchestrator/local_logs/J0026.log,2026-05-18T03:45:43,2026-05-18T05:21:12,0,0,0
J0027,PYTHONPATH=. uv run python tcn_runner.py --architecture TCN3 --target lt1 --feature-set EMG+NIRS --with-abs --max-epochs 40,done,83861,orchestrator/local_logs/J0027.log,2026-05-18T03:50:34,2026-05-18T05:30:52,0,0,0
J0028,PYTHONPATH=. uv run python tcn_runner.py --architecture TCN3 --target lt1 --feature-set EMG+NIRS --no-abs --max-epochs 40,done,86266,orchestrator/local_logs/J0028.log,2026-05-18T03:51:14,2026-05-18T05:30:52,0,0,0
J0029,PYTHONPATH=. uv run python tcn_runner.py --architecture TCN3 --target lt1 --feature-set EMG+NIRS+HRV --with-abs --max-epochs 40,done,32881,orchestrator/local_logs/J0029.log,2026-05-18T04:12:56,2026-05-18T05:58:25,0,0,0
J0030,PYTHONPATH=. uv run python tcn_runner.py --architecture TCN3 --target lt1 --feature-set EMG+NIRS+HRV --no-abs --max-epochs 40,done,34590,orchestrator/local_logs/J0030.log,2026-05-18T04:13:16,2026-05-18T05:56:45,0,0,0
J0031,PYTHONPATH=. uv run python tcn_runner.py --architecture TCN3 --target lt2 --feature-set EMG --with-abs --max-epochs 40,done,45707,orchestrator/local_logs/J0031.log,2026-05-18T04:18:16,2026-05-18T05:34:43,0,0,0
J0032,PYTHONPATH=. uv run python tcn_runner.py --architecture TCN3 --target lt2 --feature-set EMG --no-abs --max-epochs 40,done,47758,orchestrator/local_logs/J0032.log,2026-05-18T04:18:46,2026-05-18T05:35:33,0,0,0
J0033,PYTHONPATH=. uv run python tcn_runner.py --architecture TCN3 --target lt2 --feature-set EMG+NIRS --with-abs --max-epochs 40,done,76535,orchestrator/local_logs/J0033.log,2026-05-18T05:19:51,2026-05-18T06:46:39,0,0,0
J0034,PYTHONPATH=. uv run python tcn_runner.py --architecture TCN3 --target lt2 --feature-set EMG+NIRS --no-abs --max-epochs 40,done,80364,orchestrator/local_logs/J0034.log,2026-05-18T05:21:12,2026-05-18T06:47:09,0,0,0
J0035,PYTHONPATH=. uv run python tcn_runner.py --architecture TCN3 --target lt2 --feature-set EMG+NIRS+HRV --with-abs --max-epochs 40,done,1872,orchestrator/local_logs/J0035.log,2026-05-18T05:30:52,2026-05-18T07:05:01,0,0,0
J0036,PYTHONPATH=. uv run python tcn_runner.py --architecture TCN3 --target lt2 --feature-set EMG+NIRS+HRV --no-abs --max-epochs 40,done,2561,orchestrator/local_logs/J0036.log,2026-05-18T05:31:02,2026-05-18T07:04:51,0,0,0
J0037,PYTHONPATH=. uv run python tcn_runner.py --architecture TCN4 --target lt1 --feature-set EMG --with-abs --max-epochs 40,done,10908,orchestrator/local_logs/J0037.log,2026-05-18T05:34:43,2026-05-18T07:30:54,0,0,0
J0038,PYTHONPATH=. uv run python tcn_runner.py --architecture TCN4 --target lt1 --feature-set EMG --no-abs --max-epochs 40,done,13655,orchestrator/local_logs/J0038.log,2026-05-18T05:35:33,2026-05-18T07:32:14,0,0,0
J0039,PYTHONPATH=. uv run python tcn_runner.py --architecture TCN4 --target lt1 --feature-set EMG+NIRS --with-abs --max-epochs 40,running,10716,orchestrator/local_logs/J0039.log,2026-05-18T08:16:55,,,0,0
J0040,PYTHONPATH=. uv run python tcn_runner.py --architecture TCN4 --target lt1 --feature-set EMG+NIRS --no-abs --max-epochs 40,running,11450,orchestrator/local_logs/J0040.log,2026-05-18T08:17:05,,,0,0
J0041,PYTHONPATH=. uv run python tcn_runner.py --architecture TCN4 --target lt1 --feature-set EMG+NIRS+HRV --with-abs --max-epochs 40,running,12153,orchestrator/local_logs/J0041.log,2026-05-18T08:17:16,,,0,0
J0042,PYTHONPATH=. uv run python tcn_runner.py --architecture TCN4 --target lt1 --feature-set EMG+NIRS+HRV --no-abs --max-epochs 40,running,13367,orchestrator/local_logs/J0042.log,2026-05-18T08:17:26,,,0,0
J0043,PYTHONPATH=. uv run python tcn_runner.py --architecture TCN4 --target lt2 --feature-set EMG --with-abs --max-epochs 40,running,14076,orchestrator/local_logs/J0043.log,2026-05-18T08:17:36,,,0,0
J0044,PYTHONPATH=. uv run python tcn_runner.py --architecture TCN4 --target lt2 --feature-set EMG --no-abs --max-epochs 40,running,14787,orchestrator/local_logs/J0044.log,2026-05-18T08:17:46,,,0,0
J0045,PYTHONPATH=. uv run python tcn_runner.py --architecture TCN4 --target lt2 --feature-set EMG+NIRS --with-abs --max-epochs 40,running,15522,orchestrator/local_logs/J0045.log,2026-05-18T08:17:56,,,0,0
J0046,PYTHONPATH=. uv run python tcn_runner.py --architecture TCN4 --target lt2 --feature-set EMG+NIRS --no-abs --max-epochs 40,running,16228,orchestrator/local_logs/J0046.log,2026-05-18T08:18:06,,,0,0
J0047,PYTHONPATH=. uv run python tcn_runner.py --architecture TCN4 --target lt2 --feature-set EMG+NIRS+HRV --with-abs --max-epochs 40,queued,,,,,,,
J0048,PYTHONPATH=. uv run python tcn_runner.py --architecture TCN4 --target lt2 --feature-set EMG+NIRS+HRV --no-abs --max-epochs 40,queued,,,,,,,
