architecture_id,model_id,family,target,feature_set,with_abs,wavelet_mode,window_size_sec,sequence_length,stride_sec,sample_stride_sec,model_name,full_model_name,hyperparams_json
Lin14,Lin14_830d092e,Lin,lt1,NIRS,True,none,30,1,0,5,"ElasticNet(alpha=0.1,l1_ratio=0.9,max_iter=5000,random_state=42)","ElasticNet(alpha=0.1,l1_ratio=0.9,max_iter=5000,random_state=42) NIRS with_abs wavelet=none LT1","{""alpha"": 0.1, ""l1_ratio"": 0.9, ""max_iter"": 5000, ""random_state"": 42}"
Lin14,Lin14_3a985b0c,Lin,lt1,NIRS,False,none,30,1,0,5,"ElasticNet(alpha=0.1,l1_ratio=0.9,max_iter=5000,random_state=42)","ElasticNet(alpha=0.1,l1_ratio=0.9,max_iter=5000,random_state=42) NIRS no_abs wavelet=none LT1","{""alpha"": 0.1, ""l1_ratio"": 0.9, ""max_iter"": 5000, ""random_state"": 42}"
Lin14,Lin14_d234d8c0,Lin,lt1,HRV,True,none,30,1,0,5,"ElasticNet(alpha=0.1,l1_ratio=0.9,max_iter=5000,random_state=42)","ElasticNet(alpha=0.1,l1_ratio=0.9,max_iter=5000,random_state=42) HRV with_abs wavelet=none LT1","{""alpha"": 0.1, ""l1_ratio"": 0.9, ""max_iter"": 5000, ""random_state"": 42}"
Lin14,Lin14_729d7248,Lin,lt1,HRV,False,none,30,1,0,5,"ElasticNet(alpha=0.1,l1_ratio=0.9,max_iter=5000,random_state=42)","ElasticNet(alpha=0.1,l1_ratio=0.9,max_iter=5000,random_state=42) HRV no_abs wavelet=none LT1","{""alpha"": 0.1, ""l1_ratio"": 0.9, ""max_iter"": 5000, ""random_state"": 42}"
Lin14,Lin14_0efdc7d9,Lin,lt1,EMG+NIRS,True,none,30,1,0,5,"ElasticNet(alpha=0.1,l1_ratio=0.9,max_iter=5000,random_state=42)","ElasticNet(alpha=0.1,l1_ratio=0.9,max_iter=5000,random_state=42) EMG+NIRS with_abs wavelet=none LT1","{""alpha"": 0.1, ""l1_ratio"": 0.9, ""max_iter"": 5000, ""random_state"": 42}"
Lin14,Lin14_6a50ebf0,Lin,lt1,EMG+NIRS,False,none,30,1,0,5,"ElasticNet(alpha=0.1,l1_ratio=0.9,max_iter=5000,random_state=42)","ElasticNet(alpha=0.1,l1_ratio=0.9,max_iter=5000,random_state=42) EMG+NIRS no_abs wavelet=none LT1","{""alpha"": 0.1, ""l1_ratio"": 0.9, ""max_iter"": 5000, ""random_state"": 42}"
Lin14,Lin14_1d77c18f,Lin,lt1,EMG+NIRS+HRV,True,none,30,1,0,5,"ElasticNet(alpha=0.1,l1_ratio=0.9,max_iter=5000,random_state=42)","ElasticNet(alpha=0.1,l1_ratio=0.9,max_iter=5000,random_state=42) EMG+NIRS+HRV with_abs wavelet=none LT1","{""alpha"": 0.1, ""l1_ratio"": 0.9, ""max_iter"": 5000, ""random_state"": 42}"
Lin14,Lin14_837ef015,Lin,lt1,EMG+NIRS+HRV,False,none,30,1,0,5,"ElasticNet(alpha=0.1,l1_ratio=0.9,max_iter=5000,random_state=42)","ElasticNet(alpha=0.1,l1_ratio=0.9,max_iter=5000,random_state=42) EMG+NIRS+HRV no_abs wavelet=none LT1","{""alpha"": 0.1, ""l1_ratio"": 0.9, ""max_iter"": 5000, ""random_state"": 42}"
Lin14,Lin14_559b4332,Lin,lt2,NIRS,True,none,30,1,0,5,"ElasticNet(alpha=0.1,l1_ratio=0.9,max_iter=5000,random_state=42)","ElasticNet(alpha=0.1,l1_ratio=0.9,max_iter=5000,random_state=42) NIRS with_abs wavelet=none LT2","{""alpha"": 0.1, ""l1_ratio"": 0.9, ""max_iter"": 5000, ""random_state"": 42}"
Lin14,Lin14_3b698706,Lin,lt2,NIRS,False,none,30,1,0,5,"ElasticNet(alpha=0.1,l1_ratio=0.9,max_iter=5000,random_state=42)","ElasticNet(alpha=0.1,l1_ratio=0.9,max_iter=5000,random_state=42) NIRS no_abs wavelet=none LT2","{""alpha"": 0.1, ""l1_ratio"": 0.9, ""max_iter"": 5000, ""random_state"": 42}"
Lin14,Lin14_c558f53b,Lin,lt2,HRV,True,none,30,1,0,5,"ElasticNet(alpha=0.1,l1_ratio=0.9,max_iter=5000,random_state=42)","ElasticNet(alpha=0.1,l1_ratio=0.9,max_iter=5000,random_state=42) HRV with_abs wavelet=none LT2","{""alpha"": 0.1, ""l1_ratio"": 0.9, ""max_iter"": 5000, ""random_state"": 42}"
Lin14,Lin14_172a3386,Lin,lt2,HRV,False,none,30,1,0,5,"ElasticNet(alpha=0.1,l1_ratio=0.9,max_iter=5000,random_state=42)","ElasticNet(alpha=0.1,l1_ratio=0.9,max_iter=5000,random_state=42) HRV no_abs wavelet=none LT2","{""alpha"": 0.1, ""l1_ratio"": 0.9, ""max_iter"": 5000, ""random_state"": 42}"
Lin14,Lin14_329eb1a7,Lin,lt2,EMG+NIRS,True,none,30,1,0,5,"ElasticNet(alpha=0.1,l1_ratio=0.9,max_iter=5000,random_state=42)","ElasticNet(alpha=0.1,l1_ratio=0.9,max_iter=5000,random_state=42) EMG+NIRS with_abs wavelet=none LT2","{""alpha"": 0.1, ""l1_ratio"": 0.9, ""max_iter"": 5000, ""random_state"": 42}"
Lin14,Lin14_9f1e0d6b,Lin,lt2,EMG+NIRS,False,none,30,1,0,5,"ElasticNet(alpha=0.1,l1_ratio=0.9,max_iter=5000,random_state=42)","ElasticNet(alpha=0.1,l1_ratio=0.9,max_iter=5000,random_state=42) EMG+NIRS no_abs wavelet=none LT2","{""alpha"": 0.1, ""l1_ratio"": 0.9, ""max_iter"": 5000, ""random_state"": 42}"
Lin14,Lin14_722c1fc4,Lin,lt2,EMG+NIRS+HRV,True,none,30,1,0,5,"ElasticNet(alpha=0.1,l1_ratio=0.9,max_iter=5000,random_state=42)","ElasticNet(alpha=0.1,l1_ratio=0.9,max_iter=5000,random_state=42) EMG+NIRS+HRV with_abs wavelet=none LT2","{""alpha"": 0.1, ""l1_ratio"": 0.9, ""max_iter"": 5000, ""random_state"": 42}"
Lin14,Lin14_7eeda42c,Lin,lt2,EMG+NIRS+HRV,False,none,30,1,0,5,"ElasticNet(alpha=0.1,l1_ratio=0.9,max_iter=5000,random_state=42)","ElasticNet(alpha=0.1,l1_ratio=0.9,max_iter=5000,random_state=42) EMG+NIRS+HRV no_abs wavelet=none LT2","{""alpha"": 0.1, ""l1_ratio"": 0.9, ""max_iter"": 5000, ""random_state"": 42}"
Lin14,Lin14_58343e1c,Lin,lt1,EMG,True,none,30,1,0,5,"ElasticNet(alpha=0.1,l1_ratio=0.9,max_iter=5000,random_state=42)","ElasticNet(alpha=0.1,l1_ratio=0.9,max_iter=5000,random_state=42) EMG with_abs wavelet=none LT1","{""alpha"": 0.1, ""l1_ratio"": 0.9, ""max_iter"": 5000, ""phase_split"": ""full_cycles"", ""random_state"": 42}"
Lin14,Lin14_50f8d8da,Lin,lt1,EMG,False,none,30,1,0,5,"ElasticNet(alpha=0.1,l1_ratio=0.9,max_iter=5000,random_state=42)","ElasticNet(alpha=0.1,l1_ratio=0.9,max_iter=5000,random_state=42) EMG no_abs wavelet=none LT1","{""alpha"": 0.1, ""l1_ratio"": 0.9, ""max_iter"": 5000, ""phase_split"": ""full_cycles"", ""random_state"": 42}"
Lin14,Lin14_3b4fc6ca,Lin,lt2,EMG,True,none,30,1,0,5,"ElasticNet(alpha=0.1,l1_ratio=0.9,max_iter=5000,random_state=42)","ElasticNet(alpha=0.1,l1_ratio=0.9,max_iter=5000,random_state=42) EMG with_abs wavelet=none LT2","{""alpha"": 0.1, ""l1_ratio"": 0.9, ""max_iter"": 5000, ""phase_split"": ""full_cycles"", ""random_state"": 42}"
Lin14,Lin14_edf1d228,Lin,lt2,EMG,False,none,30,1,0,5,"ElasticNet(alpha=0.1,l1_ratio=0.9,max_iter=5000,random_state=42)","ElasticNet(alpha=0.1,l1_ratio=0.9,max_iter=5000,random_state=42) EMG no_abs wavelet=none LT2","{""alpha"": 0.1, ""l1_ratio"": 0.9, ""max_iter"": 5000, ""phase_split"": ""full_cycles"", ""random_state"": 42}"
Lin14,Lin14_890b42c7,Lin,lt1,EMG,True,none,30,1,0,5,"ElasticNet(alpha=0.1,l1_ratio=0.9,max_iter=5000,random_state=42)","ElasticNet(alpha=0.1,l1_ratio=0.9,max_iter=5000,random_state=42) EMG with_abs wavelet=none LT1","{""alpha"": 0.1, ""l1_ratio"": 0.9, ""max_iter"": 5000, ""phase_split"": ""full_window"", ""random_state"": 42}"
Lin14,Lin14_9cfbbe93,Lin,lt1,EMG,False,none,30,1,0,5,"ElasticNet(alpha=0.1,l1_ratio=0.9,max_iter=5000,random_state=42)","ElasticNet(alpha=0.1,l1_ratio=0.9,max_iter=5000,random_state=42) EMG no_abs wavelet=none LT1","{""alpha"": 0.1, ""l1_ratio"": 0.9, ""max_iter"": 5000, ""phase_split"": ""full_window"", ""random_state"": 42}"
Lin14,Lin14_ad149561,Lin,lt2,EMG,True,none,30,1,0,5,"ElasticNet(alpha=0.1,l1_ratio=0.9,max_iter=5000,random_state=42)","ElasticNet(alpha=0.1,l1_ratio=0.9,max_iter=5000,random_state=42) EMG with_abs wavelet=none LT2","{""alpha"": 0.1, ""l1_ratio"": 0.9, ""max_iter"": 5000, ""phase_split"": ""full_window"", ""random_state"": 42}"
Lin14,Lin14_7ebc000a,Lin,lt2,EMG,False,none,30,1,0,5,"ElasticNet(alpha=0.1,l1_ratio=0.9,max_iter=5000,random_state=42)","ElasticNet(alpha=0.1,l1_ratio=0.9,max_iter=5000,random_state=42) EMG no_abs wavelet=none LT2","{""alpha"": 0.1, ""l1_ratio"": 0.9, ""max_iter"": 5000, ""phase_split"": ""full_window"", ""random_state"": 42}"
Lin14,Lin14_1f8f2f28,Lin,lt1,EMG,True,none,30,1,0,5,"ElasticNet(alpha=0.1,l1_ratio=0.9,max_iter=5000,random_state=42)","ElasticNet(alpha=0.1,l1_ratio=0.9,max_iter=5000,random_state=42) EMG with_abs wavelet=none LT1","{""alpha"": 0.1, ""l1_ratio"": 0.9, ""max_iter"": 5000, ""random_state"": 42}"
Lin14,Lin14_f5ce1757,Lin,lt1,EMG,False,none,30,1,0,5,"ElasticNet(alpha=0.1,l1_ratio=0.9,max_iter=5000,random_state=42)","ElasticNet(alpha=0.1,l1_ratio=0.9,max_iter=5000,random_state=42) EMG no_abs wavelet=none LT1","{""alpha"": 0.1, ""l1_ratio"": 0.9, ""max_iter"": 5000, ""random_state"": 42}"
Lin14,Lin14_06c5e629,Lin,lt2,EMG,True,none,30,1,0,5,"ElasticNet(alpha=0.1,l1_ratio=0.9,max_iter=5000,random_state=42)","ElasticNet(alpha=0.1,l1_ratio=0.9,max_iter=5000,random_state=42) EMG with_abs wavelet=none LT2","{""alpha"": 0.1, ""l1_ratio"": 0.9, ""max_iter"": 5000, ""random_state"": 42}"
Lin14,Lin14_5d745d56,Lin,lt2,EMG,False,none,30,1,0,5,"ElasticNet(alpha=0.1,l1_ratio=0.9,max_iter=5000,random_state=42)","ElasticNet(alpha=0.1,l1_ratio=0.9,max_iter=5000,random_state=42) EMG no_abs wavelet=none LT2","{""alpha"": 0.1, ""l1_ratio"": 0.9, ""max_iter"": 5000, ""random_state"": 42}"
Lin14,Lin14_b8e84c0d,Lin,lt1,EMG+NIRS+HRV,True,none,30,1,0,5,"ElasticNet(alpha=0.1,l1_ratio=0.9,max_iter=5000,random_state=42)","ElasticNet(alpha=0.1,l1_ratio=0.9,max_iter=5000,random_state=42) EMG+NIRS+HRV with_abs wavelet=none LT1","{""alpha"": 0.1, ""l1_ratio"": 0.9, ""max_iter"": 5000, ""phase_split"": ""full_cycles"", ""random_state"": 42}"
Lin14,Lin14_d91c8cf5,Lin,lt1,EMG+NIRS+HRV,False,none,30,1,0,5,"ElasticNet(alpha=0.1,l1_ratio=0.9,max_iter=5000,random_state=42)","ElasticNet(alpha=0.1,l1_ratio=0.9,max_iter=5000,random_state=42) EMG+NIRS+HRV no_abs wavelet=none LT1","{""alpha"": 0.1, ""l1_ratio"": 0.9, ""max_iter"": 5000, ""phase_split"": ""full_cycles"", ""random_state"": 42}"
Lin14,Lin14_8b452325,Lin,lt2,EMG+NIRS+HRV,True,none,30,1,0,5,"ElasticNet(alpha=0.1,l1_ratio=0.9,max_iter=5000,random_state=42)","ElasticNet(alpha=0.1,l1_ratio=0.9,max_iter=5000,random_state=42) EMG+NIRS+HRV with_abs wavelet=none LT2","{""alpha"": 0.1, ""l1_ratio"": 0.9, ""max_iter"": 5000, ""phase_split"": ""full_cycles"", ""random_state"": 42}"
Lin14,Lin14_61d20c7d,Lin,lt2,EMG+NIRS+HRV,False,none,30,1,0,5,"ElasticNet(alpha=0.1,l1_ratio=0.9,max_iter=5000,random_state=42)","ElasticNet(alpha=0.1,l1_ratio=0.9,max_iter=5000,random_state=42) EMG+NIRS+HRV no_abs wavelet=none LT2","{""alpha"": 0.1, ""l1_ratio"": 0.9, ""max_iter"": 5000, ""phase_split"": ""full_cycles"", ""random_state"": 42}"
Lin14,Lin14_e9627471,Lin,lt1,EMG+NIRS+HRV,True,none,30,1,0,5,"ElasticNet(alpha=0.1,l1_ratio=0.9,max_iter=5000,random_state=42)","ElasticNet(alpha=0.1,l1_ratio=0.9,max_iter=5000,random_state=42) EMG+NIRS+HRV with_abs wavelet=none LT1","{""alpha"": 0.1, ""l1_ratio"": 0.9, ""max_iter"": 5000, ""phase_split"": ""full_window"", ""random_state"": 42}"
Lin14,Lin14_228f08a1,Lin,lt1,EMG+NIRS+HRV,False,none,30,1,0,5,"ElasticNet(alpha=0.1,l1_ratio=0.9,max_iter=5000,random_state=42)","ElasticNet(alpha=0.1,l1_ratio=0.9,max_iter=5000,random_state=42) EMG+NIRS+HRV no_abs wavelet=none LT1","{""alpha"": 0.1, ""l1_ratio"": 0.9, ""max_iter"": 5000, ""phase_split"": ""full_window"", ""random_state"": 42}"
Lin14,Lin14_8e8ab90d,Lin,lt2,EMG+NIRS+HRV,True,none,30,1,0,5,"ElasticNet(alpha=0.1,l1_ratio=0.9,max_iter=5000,random_state=42)","ElasticNet(alpha=0.1,l1_ratio=0.9,max_iter=5000,random_state=42) EMG+NIRS+HRV with_abs wavelet=none LT2","{""alpha"": 0.1, ""l1_ratio"": 0.9, ""max_iter"": 5000, ""phase_split"": ""full_window"", ""random_state"": 42}"
Lin14,Lin14_b585f5e2,Lin,lt2,EMG+NIRS+HRV,False,none,30,1,0,5,"ElasticNet(alpha=0.1,l1_ratio=0.9,max_iter=5000,random_state=42)","ElasticNet(alpha=0.1,l1_ratio=0.9,max_iter=5000,random_state=42) EMG+NIRS+HRV no_abs wavelet=none LT2","{""alpha"": 0.1, ""l1_ratio"": 0.9, ""max_iter"": 5000, ""phase_split"": ""full_window"", ""random_state"": 42}"
