model_id,architecture_id,fold_id,epoch,train_loss,val_loss,train_mae,val_mae,lr
TCN2_d796e9cc,TCN2,loso_subject_S001,1,0.28692631203738267,,0.3965360871444874,,0.001
TCN2_d796e9cc,TCN2,loso_subject_S001,2,0.07506813521374626,,0.19828058086413708,,0.0009986128001799076
TCN2_d796e9cc,TCN2,loso_subject_S001,3,0.041346314571059396,,0.14742261847356555,,0.000994459753267812
TCN2_d796e9cc,TCN2,loso_subject_S001,4,0.028643198940215525,,0.12350894641626467,,0.0009875664641789542
TCN2_d796e9cc,TCN2,loso_subject_S001,5,0.025473278883385332,,0.1149768771049863,,0.000977975432332819
TCN2_d796e9cc,TCN2,loso_subject_S001,6,0.017927102538952897,,0.096287104653121,,0.0009657457896300788
TCN2_d796e9cc,TCN2,loso_subject_S001,7,0.015062795955714779,,0.08775621877141195,,0.0009509529358847653
TCN2_d796e9cc,TCN2,loso_subject_S001,8,0.013630340174500929,,0.08422513928723661,,0.0009336880739593414
TCN2_d796e9cc,TCN2,loso_subject_S001,9,0.011469021937858665,,0.07689486661930414,,0.0009140576474687262
TCN2_d796e9cc,TCN2,loso_subject_S001,10,0.009304852328450089,,0.07169490214512292,,0.0008921826845200138
TCN2_d796e9cc,TCN2,loso_subject_S001,11,0.008894492697952304,,0.06939929852218613,,0.0008681980515339462
TCN2_d796e9cc,TCN2,loso_subject_S001,12,0.008730610580416959,,0.06561446237609715,,0.0008422516217485825
TCN2_d796e9cc,TCN2,loso_subject_S001,13,0.007436807292508296,,0.06245043762118273,,0.0008145033635316127
TCN2_d796e9cc,TCN2,loso_subject_S001,14,0.007466224063485021,,0.06300603679406076,,0.0007851243541221768
TCN2_d796e9cc,TCN2,loso_subject_S001,15,0.006787846226989623,,0.05897896533635333,,0.0007542957248827959
TCN2_d796e9cc,TCN2,loso_subject_S001,16,0.005891259606570414,,0.05548981367028787,,0.0007222075445642904
TCN2_d796e9cc,TCN2,loso_subject_S001,17,0.0057749297330268535,,0.05436870469550372,,0.0006890576474687263
TCN2_d796e9cc,TCN2,loso_subject_S001,18,0.005704775704768855,,0.05552474857217165,,0.0006550504137351575
TCN2_d796e9cc,TCN2,loso_subject_S001,19,0.005556119838917116,,0.05259438141832229,,0.0006203955092681039
TCN2_d796e9cc,TCN2,loso_subject_S001,20,0.00488150801388044,,0.05040673665720354,,0.0005853065930775302
TCN2_d796e9cc,TCN2,loso_subject_S001,21,0.004773732753940329,,0.048870159842908434,,0.0005499999999999999
TCN2_d796e9cc,TCN2,loso_subject_S001,22,0.004324181859758979,,0.046959726882859834,,0.0005146934069224698
TCN2_d796e9cc,TCN2,loso_subject_S001,23,0.004350848905336919,,0.04738026730998402,,0.00047960449073189616
TCN2_d796e9cc,TCN2,loso_subject_S001,24,0.0038763351252904398,,0.04533373596901667,,0.00044494958626484254
TCN2_d796e9cc,TCN2,loso_subject_S001,25,0.0039974491552455015,,0.045807692045938764,,0.0004109423525312736
TCN2_d796e9cc,TCN2,loso_subject_S001,26,0.0037803767919900627,,0.04401743799255895,,0.00037779245543570955
TCN2_d796e9cc,TCN2,loso_subject_S001,27,0.003893966207957671,,0.04416560256473966,,0.0003457042751172039
TCN2_d796e9cc,TCN2,loso_subject_S001,28,0.0032984478486211043,,0.041403636576474244,,0.00031487564587782295
TCN2_d796e9cc,TCN2,loso_subject_S001,29,0.0035924486953639078,,0.04301513316024224,,0.0002854966364683871
TCN2_d796e9cc,TCN2,loso_subject_S001,30,0.003256050778453829,,0.040927672426994535,,0.0002577483782514174
TCN2_d796e9cc,TCN2,loso_subject_S001,31,0.0032355252641728216,,0.040535092269769125,,0.00023180194846605365
TCN2_d796e9cc,TCN2,loso_subject_S001,32,0.0032456166234383723,,0.04007480844050814,,0.00020781731547998616
TCN2_d796e9cc,TCN2,loso_subject_S001,33,0.0031823293624129102,,0.040518373722251054,,0.00018594235253127373
TCN2_d796e9cc,TCN2,loso_subject_S001,34,0.002853921963364234,,0.03846049056922016,,0.00016631192604065853
TCN2_d796e9cc,TCN2,loso_subject_S001,35,0.003171085438272322,,0.03912920159896375,,0.0001490470641152345
TCN2_d796e9cc,TCN2,loso_subject_S001,36,0.0032693387579929315,,0.0398115436760386,,0.00013425421036992097
TCN2_d796e9cc,TCN2,loso_subject_S001,37,0.003127431910857258,,0.03945391314775112,,0.0001220245676671809
TCN2_d796e9cc,TCN2,loso_subject_S001,38,0.0031066329153157067,,0.039282880681450576,,0.00011243353582104555
TCN2_d796e9cc,TCN2,loso_subject_S001,39,0.0029303158389886214,,0.038978016125541075,,0.00010554024673218805
TCN2_d796e9cc,TCN2,loso_subject_S001,40,0.003004071313312231,,0.038735244537221145,,0.00010138719982009242
TCN2_d796e9cc,TCN2,loso_subject_S002,1,0.3290241653751876,,0.4169077211373988,,0.001
TCN2_d796e9cc,TCN2,loso_subject_S002,2,0.08042078408815131,,0.207662576709636,,0.0009986128001799076
TCN2_d796e9cc,TCN2,loso_subject_S002,3,0.04429327940997265,,0.1526897353610782,,0.000994459753267812
TCN2_d796e9cc,TCN2,loso_subject_S002,4,0.0343541815430396,,0.13236649837403644,,0.0009875664641789542
TCN2_d796e9cc,TCN2,loso_subject_S002,5,0.023211695506510675,,0.1116529735574963,,0.000977975432332819
TCN2_d796e9cc,TCN2,loso_subject_S002,6,0.018259117747025346,,0.0984188284877723,,0.0009657457896300788
TCN2_d796e9cc,TCN2,loso_subject_S002,7,0.014385133126768215,,0.08884281281981182,,0.0009509529358847653
TCN2_d796e9cc,TCN2,loso_subject_S002,8,0.01286901842085909,,0.0839581725772247,,0.0009336880739593414
TCN2_d796e9cc,TCN2,loso_subject_S002,9,0.011269522037603877,,0.07767487632269363,,0.0009140576474687262
TCN2_d796e9cc,TCN2,loso_subject_S002,10,0.010102328259721164,,0.07195956046084877,,0.0008921826845200138
TCN2_d796e9cc,TCN2,loso_subject_S002,11,0.008991675060653724,,0.06890908414821144,,0.0008681980515339462
TCN2_d796e9cc,TCN2,loso_subject_S002,12,0.007584149570260138,,0.06381452259863213,,0.0008422516217485825
TCN2_d796e9cc,TCN2,loso_subject_S002,13,0.007273905252456101,,0.061735962796662505,,0.0008145033635316127
TCN2_d796e9cc,TCN2,loso_subject_S002,14,0.007157015540763406,,0.060411373500004174,,0.0007851243541221768
TCN2_d796e9cc,TCN2,loso_subject_S002,15,0.006190057130007526,,0.05818761585497706,,0.0007542957248827959
TCN2_d796e9cc,TCN2,loso_subject_S002,16,0.005642402492616361,,0.05464715591693526,,0.0007222075445642904
TCN2_d796e9cc,TCN2,loso_subject_S002,17,0.005303743127909745,,0.05288767701819868,,0.0006890576474687263
TCN2_d796e9cc,TCN2,loso_subject_S002,18,0.005096690799770671,,0.051440452081547926,,0.0006550504137351575
TCN2_d796e9cc,TCN2,loso_subject_S002,19,0.004411154620537434,,0.048396242894114753,,0.0006203955092681039
TCN2_d796e9cc,TCN2,loso_subject_S002,20,0.004808586225947747,,0.04987536340199811,,0.0005853065930775302
TCN2_d796e9cc,TCN2,loso_subject_S002,21,0.004006235833846808,,0.04700415351131361,,0.0005499999999999999
TCN2_d796e9cc,TCN2,loso_subject_S002,22,0.003815140695625487,,0.04655403077414359,,0.0005146934069224698
TCN2_d796e9cc,TCN2,loso_subject_S002,23,0.003597435126468915,,0.0444744289367921,,0.00047960449073189616
TCN2_d796e9cc,TCN2,loso_subject_S002,24,0.0035632182858672803,,0.04358564733236746,,0.00044494958626484254
TCN2_d796e9cc,TCN2,loso_subject_S002,25,0.0033099536860379322,,0.043180387079339674,,0.0004109423525312736
TCN2_d796e9cc,TCN2,loso_subject_S002,26,0.0033623198574638047,,0.04315123467321275,,0.00037779245543570955
TCN2_d796e9cc,TCN2,loso_subject_S002,27,0.0036526626183090243,,0.04329942669778216,,0.0003457042751172039
TCN2_d796e9cc,TCN2,loso_subject_S002,28,0.003219039590327122,,0.041594880777014544,,0.00031487564587782295
TCN2_d796e9cc,TCN2,loso_subject_S002,29,0.003094140261012109,,0.040833748783034855,,0.0002854966364683871
TCN2_d796e9cc,TCN2,loso_subject_S002,30,0.003007548614419785,,0.04028792359663485,,0.0002577483782514174
TCN2_d796e9cc,TCN2,loso_subject_S002,31,0.0029028179873168843,,0.03987853427649672,,0.00023180194846605365
TCN2_d796e9cc,TCN2,loso_subject_S002,32,0.0027621681045458804,,0.03872703700928658,,0.00020781731547998616
TCN2_d796e9cc,TCN2,loso_subject_S002,33,0.0027098176980314757,,0.03836046630510773,,0.00018594235253127373
TCN2_d796e9cc,TCN2,loso_subject_S002,34,0.0029213165989944753,,0.039016893068886706,,0.00016631192604065853
TCN2_d796e9cc,TCN2,loso_subject_S002,35,0.0027223825234367455,,0.0383644007404896,,0.0001490470641152345
TCN2_d796e9cc,TCN2,loso_subject_S002,36,0.0028638556384413916,,0.03840957798228279,,0.00013425421036992097
TCN2_d796e9cc,TCN2,loso_subject_S002,37,0.002599708426726118,,0.03762348132554665,,0.0001220245676671809
TCN2_d796e9cc,TCN2,loso_subject_S002,38,0.0030252961673236183,,0.03868216645172342,,0.00011243353582104555
TCN2_d796e9cc,TCN2,loso_subject_S002,39,0.0027325195612897066,,0.037633361876574976,,0.00010554024673218805
TCN2_d796e9cc,TCN2,loso_subject_S002,40,0.0024861825295145203,,0.03674111760894207,,0.00010138719982009242
TCN2_d796e9cc,TCN2,loso_subject_S003,1,0.3578735666827704,,0.4400618854769994,,0.001
TCN2_d796e9cc,TCN2,loso_subject_S003,2,0.094231525960418,,0.2197177262654133,,0.0009986128001799076
TCN2_d796e9cc,TCN2,loso_subject_S003,3,0.054768591872814916,,0.16798775168478414,,0.000994459753267812
TCN2_d796e9cc,TCN2,loso_subject_S003,4,0.03419776637539877,,0.1347671225944202,,0.0009875664641789542
TCN2_d796e9cc,TCN2,loso_subject_S003,5,0.025969957229044133,,0.11657764457409517,,0.000977975432332819
TCN2_d796e9cc,TCN2,loso_subject_S003,6,0.01999117379970371,,0.10373629695216502,,0.0009657457896300788
TCN2_d796e9cc,TCN2,loso_subject_S003,7,0.01744614573139366,,0.09523670683349643,,0.0009509529358847653
TCN2_d796e9cc,TCN2,loso_subject_S003,8,0.014738883013879775,,0.08686719965397598,,0.0009336880739593414
TCN2_d796e9cc,TCN2,loso_subject_S003,9,0.012367440175084893,,0.08061529995982142,,0.0009140576474687262
TCN2_d796e9cc,TCN2,loso_subject_S003,10,0.009742749263172482,,0.0722516875632443,,0.0008921826845200138
TCN2_d796e9cc,TCN2,loso_subject_S003,11,0.009153515233305206,,0.06942390277981758,,0.0008681980515339462
TCN2_d796e9cc,TCN2,loso_subject_S003,12,0.00837434323234295,,0.06615992986149362,,0.0008422516217485825
TCN2_d796e9cc,TCN2,loso_subject_S003,13,0.008561642163091637,,0.06721949098233647,,0.0008145033635316127
TCN2_d796e9cc,TCN2,loso_subject_S003,14,0.007472235663228411,,0.06300940935635872,,0.0007851243541221768
TCN2_d796e9cc,TCN2,loso_subject_S003,15,0.006719219443280867,,0.059439915814100096,,0.0007542957248827959
TCN2_d796e9cc,TCN2,loso_subject_S003,16,0.005634316096545104,,0.055122435250007304,,0.0007222075445642904
TCN2_d796e9cc,TCN2,loso_subject_S003,17,0.005512695882543336,,0.05361586926199277,,0.0006890576474687263
TCN2_d796e9cc,TCN2,loso_subject_S003,18,0.005242784934733625,,0.05396260904497034,,0.0006550504137351575
TCN2_d796e9cc,TCN2,loso_subject_S003,19,0.005154303817903148,,0.05186286649800323,,0.0006203955092681039
TCN2_d796e9cc,TCN2,loso_subject_S003,20,0.00531153372997505,,0.052213075795218986,,0.0005853065930775302
TCN2_d796e9cc,TCN2,loso_subject_S003,21,0.004569021676932301,,0.04989196098771111,,0.0005499999999999999
TCN2_d796e9cc,TCN2,loso_subject_S003,22,0.0045136607998197435,,0.04853274757616182,,0.0005146934069224698
TCN2_d796e9cc,TCN2,loso_subject_S003,23,0.004564600955477772,,0.04876913525604571,,0.00047960449073189616
TCN2_d796e9cc,TCN2,loso_subject_S003,24,0.004242228389705703,,0.04732054299950206,,0.00044494958626484254
TCN2_d796e9cc,TCN2,loso_subject_S003,25,0.0042060895390968744,,0.04554752254440499,,0.0004109423525312736
TCN2_d796e9cc,TCN2,loso_subject_S003,26,0.003978091476981018,,0.04566861905308487,,0.00037779245543570955
TCN2_d796e9cc,TCN2,loso_subject_S003,27,0.0037063378457606777,,0.043864124222401005,,0.0003457042751172039
TCN2_d796e9cc,TCN2,loso_subject_S003,28,0.003425437874272743,,0.04348699667511424,,0.00031487564587782295
TCN2_d796e9cc,TCN2,loso_subject_S003,29,0.0035322824282838865,,0.04323632838208353,,0.0002854966364683871
TCN2_d796e9cc,TCN2,loso_subject_S003,30,0.003550814094315289,,0.043042719806149855,,0.0002577483782514174
TCN2_d796e9cc,TCN2,loso_subject_S003,31,0.003380358329835129,,0.042007393269511285,,0.00023180194846605365
TCN2_d796e9cc,TCN2,loso_subject_S003,32,0.0033922765930285257,,0.041526934061909375,,0.00020781731547998616
TCN2_d796e9cc,TCN2,loso_subject_S003,33,0.0030614349341101608,,0.04079621516972004,,0.00018594235253127373
TCN2_d796e9cc,TCN2,loso_subject_S003,34,0.0031542559402658703,,0.04092863672414857,,0.00016631192604065853
TCN2_d796e9cc,TCN2,loso_subject_S003,35,0.0030043105317226564,,0.039668972183168304,,0.0001490470641152345
TCN2_d796e9cc,TCN2,loso_subject_S003,36,0.0031599859572691382,,0.0404591038114722,,0.00013425421036992097
TCN2_d796e9cc,TCN2,loso_subject_S003,37,0.0029268687559771433,,0.03953179703203791,,0.0001220245676671809
TCN2_d796e9cc,TCN2,loso_subject_S003,38,0.0028865223802639994,,0.038601096214379294,,0.00011243353582104555
TCN2_d796e9cc,TCN2,loso_subject_S003,39,0.0029356067515285966,,0.03897254509946047,,0.00010554024673218805
TCN2_d796e9cc,TCN2,loso_subject_S003,40,0.0028438817876871984,,0.038459615537041275,,0.00010138719982009242
TCN2_d796e9cc,TCN2,loso_subject_S004,1,0.30661101861221834,,0.41438479011066376,,0.001
TCN2_d796e9cc,TCN2,loso_subject_S004,2,0.07018416921967602,,0.19975892493101588,,0.0009986128001799076
TCN2_d796e9cc,TCN2,loso_subject_S004,3,0.03754045834815819,,0.1434867684624111,,0.000994459753267812
TCN2_d796e9cc,TCN2,loso_subject_S004,4,0.029728129622110862,,0.1269590377021479,,0.0009875664641789542
TCN2_d796e9cc,TCN2,loso_subject_S004,5,0.022221011374528473,,0.10913444328750234,,0.000977975432332819
TCN2_d796e9cc,TCN2,loso_subject_S004,6,0.01901097780515435,,0.10298225374649272,,0.0009657457896300788
TCN2_d796e9cc,TCN2,loso_subject_S004,7,0.016039047698323712,,0.09487138290766542,,0.0009509529358847653
TCN2_d796e9cc,TCN2,loso_subject_S004,8,0.013691987233507591,,0.0868602476390474,,0.0009336880739593414
TCN2_d796e9cc,TCN2,loso_subject_S004,9,0.010814575062830479,,0.07867133881023411,,0.0009140576474687262
TCN2_d796e9cc,TCN2,loso_subject_S004,10,0.010316400394177612,,0.07597795960769346,,0.0008921826845200138
TCN2_d796e9cc,TCN2,loso_subject_S004,11,0.009466813539200267,,0.07079782433592105,,0.0008681980515339462
TCN2_d796e9cc,TCN2,loso_subject_S004,12,0.007877780790250484,,0.06611601320619576,,0.0008422516217485825
TCN2_d796e9cc,TCN2,loso_subject_S004,13,0.008140922095870414,,0.06601158175757839,,0.0008145033635316127
TCN2_d796e9cc,TCN2,loso_subject_S004,14,0.007712754286280384,,0.06522887398720449,,0.0007851243541221768
TCN2_d796e9cc,TCN2,loso_subject_S004,15,0.006911494786518994,,0.0630292289907712,,0.0007542957248827959
TCN2_d796e9cc,TCN2,loso_subject_S004,16,0.005769583332148787,,0.05656828006041613,,0.0007222075445642904
TCN2_d796e9cc,TCN2,loso_subject_S004,17,0.0055524161117257035,,0.05564591621936479,,0.0006890576474687263
TCN2_d796e9cc,TCN2,loso_subject_S004,18,0.005393250240807269,,0.05390119747225844,,0.0006550504137351575
TCN2_d796e9cc,TCN2,loso_subject_S004,19,0.005452466146331111,,0.05386753139137418,,0.0006203955092681039
TCN2_d796e9cc,TCN2,loso_subject_S004,20,0.005440952047042162,,0.05404670666408227,,0.0005853065930775302
TCN2_d796e9cc,TCN2,loso_subject_S004,21,0.004518241168914872,,0.04973407025430137,,0.0005499999999999999
TCN2_d796e9cc,TCN2,loso_subject_S004,22,0.004472342464232057,,0.04930552187383482,,0.0005146934069224698
TCN2_d796e9cc,TCN2,loso_subject_S004,23,0.004415121281911862,,0.04847183850331942,,0.00047960449073189616
TCN2_d796e9cc,TCN2,loso_subject_S004,24,0.004241446084655062,,0.04742618013307813,,0.00044494958626484254
TCN2_d796e9cc,TCN2,loso_subject_S004,25,0.0039841835492337475,,0.0459707368317458,,0.0004109423525312736
TCN2_d796e9cc,TCN2,loso_subject_S004,26,0.003870503218879259,,0.045740202732771365,,0.00037779245543570955
TCN2_d796e9cc,TCN2,loso_subject_S004,27,0.003490140150311872,,0.04395345246618062,,0.0003457042751172039
TCN2_d796e9cc,TCN2,loso_subject_S004,28,0.003542666644606413,,0.04376269843560843,,0.00031487564587782295
TCN2_d796e9cc,TCN2,loso_subject_S004,29,0.003486692470427084,,0.04305154110132489,,0.0002854966364683871
TCN2_d796e9cc,TCN2,loso_subject_S004,30,0.0031354775778263608,,0.0414676649088852,,0.0002577483782514174
TCN2_d796e9cc,TCN2,loso_subject_S004,31,0.003014040697855119,,0.040858527142310704,,0.00023180194846605365
TCN2_d796e9cc,TCN2,loso_subject_S004,32,0.003048670803213722,,0.04102365998717491,,0.00020781731547998616
TCN2_d796e9cc,TCN2,loso_subject_S004,33,0.0032737516839731777,,0.041825089726311875,,0.00018594235253127373
TCN2_d796e9cc,TCN2,loso_subject_S004,34,0.0032064781981590174,,0.041971779406626324,,0.00016631192604065853
TCN2_d796e9cc,TCN2,loso_subject_S004,35,0.0032916507421956146,,0.04165595930360792,,0.0001490470641152345
TCN2_d796e9cc,TCN2,loso_subject_S004,36,0.002952336468763401,,0.03946848566252672,,0.00013425421036992097
TCN2_d796e9cc,TCN2,loso_subject_S004,37,0.002774603971221419,,0.039346152442946696,,0.0001220245676671809
TCN2_d796e9cc,TCN2,loso_subject_S004,38,0.0029511108064639077,,0.03958266378867631,,0.00011243353582104555
TCN2_d796e9cc,TCN2,loso_subject_S004,39,0.0029830651754718046,,0.03971314383689159,,0.00010554024673218805
TCN2_d796e9cc,TCN2,loso_subject_S004,40,0.002737495123539142,,0.03866088905921062,,0.00010138719982009242
TCN2_d796e9cc,TCN2,loso_subject_S005,1,0.3393429553873685,,0.44076330591221247,,0.001
TCN2_d796e9cc,TCN2,loso_subject_S005,2,0.08231121282340312,,0.22233881670601513,,0.0009986128001799076
TCN2_d796e9cc,TCN2,loso_subject_S005,3,0.047201361943568505,,0.1642604481687351,,0.000994459753267812
TCN2_d796e9cc,TCN2,loso_subject_S005,4,0.031903019845485686,,0.13309571800791486,,0.0009875664641789542
TCN2_d796e9cc,TCN2,loso_subject_S005,5,0.023157050541164924,,0.11352304287710968,,0.000977975432332819
TCN2_d796e9cc,TCN2,loso_subject_S005,6,0.01846083759653325,,0.10089510403117355,,0.0009657457896300788
TCN2_d796e9cc,TCN2,loso_subject_S005,7,0.016362279976661107,,0.09423821975990218,,0.0009509529358847653
TCN2_d796e9cc,TCN2,loso_subject_S005,8,0.013103368667011358,,0.0853467437260005,,0.0009336880739593414
TCN2_d796e9cc,TCN2,loso_subject_S005,9,0.01075210236317041,,0.07795225315556234,,0.0009140576474687262
TCN2_d796e9cc,TCN2,loso_subject_S005,10,0.009766940941311876,,0.07353249398421267,,0.0008921826845200138
TCN2_d796e9cc,TCN2,loso_subject_S005,11,0.00819224506312487,,0.0673458214986081,,0.0008681980515339462
TCN2_d796e9cc,TCN2,loso_subject_S005,12,0.008235269716503669,,0.06656614003741011,,0.0008422516217485825
TCN2_d796e9cc,TCN2,loso_subject_S005,13,0.007343387336907338,,0.06323245967225152,,0.0008145033635316127
TCN2_d796e9cc,TCN2,loso_subject_S005,14,0.006415183433920753,,0.0591596956094917,,0.0007851243541221768
TCN2_d796e9cc,TCN2,loso_subject_S005,15,0.0062178494777454405,,0.05915785915389353,,0.0007542957248827959
TCN2_d796e9cc,TCN2,loso_subject_S005,16,0.005505865700162795,,0.05497308624946341,,0.0007222075445642904
TCN2_d796e9cc,TCN2,loso_subject_S005,17,0.005144117990774768,,0.05340616820114,,0.0006890576474687263
TCN2_d796e9cc,TCN2,loso_subject_S005,18,0.004859316139767061,,0.05111437783861647,,0.0006550504137351575
TCN2_d796e9cc,TCN2,loso_subject_S005,19,0.004395113306082025,,0.04959670744380172,,0.0006203955092681039
TCN2_d796e9cc,TCN2,loso_subject_S005,20,0.004024406105127869,,0.047545885410235855,,0.0005853065930775302
TCN2_d796e9cc,TCN2,loso_subject_S005,21,0.00417486173081763,,0.04754785534678673,,0.0005499999999999999
TCN2_d796e9cc,TCN2,loso_subject_S005,22,0.003470868631741222,,0.04495421016702847,,0.0005146934069224698
TCN2_d796e9cc,TCN2,loso_subject_S005,23,0.003618719477814679,,0.044468658843210766,,0.00047960449073189616
TCN2_d796e9cc,TCN2,loso_subject_S005,24,0.0032783496919639257,,0.04306175855653627,,0.00044494958626484254
TCN2_d796e9cc,TCN2,loso_subject_S005,25,0.0035013280784217072,,0.04370703058583396,,0.0004109423525312736
TCN2_d796e9cc,TCN2,loso_subject_S005,26,0.00348579284801547,,0.04233678131383292,,0.00037779245543570955
TCN2_d796e9cc,TCN2,loso_subject_S005,27,0.003455432938906003,,0.04276896557637623,,0.0003457042751172039
TCN2_d796e9cc,TCN2,loso_subject_S005,28,0.0030335548789981676,,0.041371736535612415,,0.00031487564587782295
TCN2_d796e9cc,TCN2,loso_subject_S005,29,0.0030024457040565963,,0.04012072060789381,,0.0002854966364683871
TCN2_d796e9cc,TCN2,loso_subject_S005,30,0.0032452270605278256,,0.04177019012217619,,0.0002577483782514174
TCN2_d796e9cc,TCN2,loso_subject_S005,31,0.002878668393787681,,0.0403677069137291,,0.00023180194846605365
TCN2_d796e9cc,TCN2,loso_subject_S005,32,0.0029853282182724502,,0.040331705194346756,,0.00020781731547998616
TCN2_d796e9cc,TCN2,loso_subject_S005,33,0.0027057439491760976,,0.03835118467710456,,0.00018594235253127373
TCN2_d796e9cc,TCN2,loso_subject_S005,34,0.002631647453776428,,0.03817046673930421,,0.00016631192604065853
TCN2_d796e9cc,TCN2,loso_subject_S005,35,0.0029233176109133936,,0.03884280546283236,,0.0001490470641152345
TCN2_d796e9cc,TCN2,loso_subject_S005,36,0.0025793645694395717,,0.037531257457270914,,0.00013425421036992097
TCN2_d796e9cc,TCN2,loso_subject_S005,37,0.0024564880124597374,,0.03668178584806773,,0.0001220245676671809
TCN2_d796e9cc,TCN2,loso_subject_S005,38,0.0026777759251393834,,0.03738027534010459,,0.00011243353582104555
TCN2_d796e9cc,TCN2,loso_subject_S005,39,0.0026625421537770605,,0.03792650337273977,,0.00010554024673218805
TCN2_d796e9cc,TCN2,loso_subject_S005,40,0.0026666370452362665,,0.03716324491160256,,0.00010138719982009242
TCN2_d796e9cc,TCN2,loso_subject_S006,1,0.3561845715929835,,0.4455711103943646,,0.001
TCN2_d796e9cc,TCN2,loso_subject_S006,2,0.08979190303934924,,0.22283828467633013,,0.0009986128001799076
TCN2_d796e9cc,TCN2,loso_subject_S006,3,0.04513569796616332,,0.15667030819253985,,0.000994459753267812
TCN2_d796e9cc,TCN2,loso_subject_S006,4,0.03246505668380246,,0.13203666447681897,,0.0009875664641789542
TCN2_d796e9cc,TCN2,loso_subject_S006,5,0.027449217130277075,,0.12002589424793882,,0.000977975432332819
TCN2_d796e9cc,TCN2,loso_subject_S006,6,0.01785514845506601,,0.09995332661094689,,0.0009657457896300788
TCN2_d796e9cc,TCN2,loso_subject_S006,7,0.015853224248453385,,0.09260010313328833,,0.0009509529358847653
TCN2_d796e9cc,TCN2,loso_subject_S006,8,0.012813152366594175,,0.081776184388022,,0.0009336880739593414
TCN2_d796e9cc,TCN2,loso_subject_S006,9,0.011173856390442265,,0.07608367093798227,,0.0009140576474687262
TCN2_d796e9cc,TCN2,loso_subject_S006,10,0.010075189331484363,,0.07211188505568349,,0.0008921826845200138
TCN2_d796e9cc,TCN2,loso_subject_S006,11,0.009147980764817836,,0.06855524003050086,,0.0008681980515339462
TCN2_d796e9cc,TCN2,loso_subject_S006,12,0.007875046545478269,,0.06366141579288774,,0.0008422516217485825
TCN2_d796e9cc,TCN2,loso_subject_S006,13,0.00684492462192363,,0.06090383662289846,,0.0008145033635316127
TCN2_d796e9cc,TCN2,loso_subject_S006,14,0.005887877016453498,,0.05691237031671637,,0.0007851243541221768
TCN2_d796e9cc,TCN2,loso_subject_S006,15,0.006254476131009751,,0.05787385955032345,,0.0007542957248827959
TCN2_d796e9cc,TCN2,loso_subject_S006,16,0.006174187377271922,,0.056341634425858524,,0.0007222075445642904
TCN2_d796e9cc,TCN2,loso_subject_S006,17,0.005252018997680085,,0.05236421825721282,,0.0006890576474687263
TCN2_d796e9cc,TCN2,loso_subject_S006,18,0.004843568333699534,,0.05091962204265482,,0.0006550504137351575
TCN2_d796e9cc,TCN2,loso_subject_S006,19,0.004877917910478819,,0.05083318304099648,,0.0006203955092681039
TCN2_d796e9cc,TCN2,loso_subject_S006,20,0.004293770756501659,,0.04856571355803206,,0.0005853065930775302
TCN2_d796e9cc,TCN2,loso_subject_S006,21,0.0041099981297507025,,0.046936059182985115,,0.0005499999999999999
TCN2_d796e9cc,TCN2,loso_subject_S006,22,0.003985692123925917,,0.04596539418698993,,0.0005146934069224698
TCN2_d796e9cc,TCN2,loso_subject_S006,23,0.003929239883033178,,0.045206712140482296,,0.00047960449073189616
TCN2_d796e9cc,TCN2,loso_subject_S006,24,0.003573010739863433,,0.0435628969629738,,0.00044494958626484254
TCN2_d796e9cc,TCN2,loso_subject_S006,25,0.003694157152258149,,0.043225227901511266,,0.0004109423525312736
TCN2_d796e9cc,TCN2,loso_subject_S006,26,0.003345201378184404,,0.04233420646217513,,0.00037779245543570955
TCN2_d796e9cc,TCN2,loso_subject_S006,27,0.0032819729836483136,,0.04183760558458367,,0.0003457042751172039
TCN2_d796e9cc,TCN2,loso_subject_S006,28,0.0033190347048370383,,0.041601053264936905,,0.00031487564587782295
TCN2_d796e9cc,TCN2,loso_subject_S006,29,0.003308764481712578,,0.04201587440131319,,0.0002854966364683871
TCN2_d796e9cc,TCN2,loso_subject_S006,30,0.003170845005606487,,0.04131698077278061,,0.0002577483782514174
TCN2_d796e9cc,TCN2,loso_subject_S006,31,0.0032598409325838005,,0.040581988155409573,,0.00023180194846605365
TCN2_d796e9cc,TCN2,loso_subject_S006,32,0.003071980167275951,,0.03998235613764828,,0.00020781731547998616
TCN2_d796e9cc,TCN2,loso_subject_S006,33,0.0029198152242394136,,0.03922875754619897,,0.00018594235253127373
TCN2_d796e9cc,TCN2,loso_subject_S006,34,0.002935445734132877,,0.038798904385941954,,0.00016631192604065853
TCN2_d796e9cc,TCN2,loso_subject_S006,35,0.0030211879824690144,,0.039750734171076225,,0.0001490470641152345
TCN2_d796e9cc,TCN2,loso_subject_S006,36,0.0025973644326446467,,0.03786208952573737,,0.00013425421036992097
TCN2_d796e9cc,TCN2,loso_subject_S006,37,0.0026469664358483172,,0.03785700339317229,,0.0001220245676671809
TCN2_d796e9cc,TCN2,loso_subject_S006,38,0.002979685161963707,,0.038088002346196116,,0.00011243353582104555
TCN2_d796e9cc,TCN2,loso_subject_S006,39,0.002713901803272757,,0.037379744168778394,,0.00010554024673218805
TCN2_d796e9cc,TCN2,loso_subject_S006,40,0.002599374428559394,,0.03763183034877598,,0.00010138719982009242
TCN2_d796e9cc,TCN2,loso_subject_S008,1,0.31902034102369725,,0.42984766426938054,,0.001
TCN2_d796e9cc,TCN2,loso_subject_S008,2,0.08718694270501261,,0.22137324027805044,,0.0009986128001799076
TCN2_d796e9cc,TCN2,loso_subject_S008,3,0.052459625956652954,,0.16743249395154386,,0.000994459753267812
TCN2_d796e9cc,TCN2,loso_subject_S008,4,0.03566039288687622,,0.13926839412290407,,0.0009875664641789542
TCN2_d796e9cc,TCN2,loso_subject_S008,5,0.027197960578051728,,0.12132176579826934,,0.000977975432332819
TCN2_d796e9cc,TCN2,loso_subject_S008,6,0.02305256363728401,,0.11100910662619923,,0.0009657457896300788
TCN2_d796e9cc,TCN2,loso_subject_S008,7,0.016643201272837953,,0.0963221939176579,,0.0009509529358847653
TCN2_d796e9cc,TCN2,loso_subject_S008,8,0.015237217371877398,,0.08985060101695927,,0.0009336880739593414
TCN2_d796e9cc,TCN2,loso_subject_S008,9,0.013058280932807153,,0.08297999026173217,,0.0009140576474687262
TCN2_d796e9cc,TCN2,loso_subject_S008,10,0.011531589667068796,,0.07807342763799649,,0.0008921826845200138
TCN2_d796e9cc,TCN2,loso_subject_S008,11,0.009908309991872283,,0.07283518249410799,,0.0008681980515339462
TCN2_d796e9cc,TCN2,loso_subject_S008,12,0.00984201396439579,,0.07285718671995106,,0.0008422516217485825
TCN2_d796e9cc,TCN2,loso_subject_S008,13,0.008926054791794294,,0.0693681344894046,,0.0008145033635316127
TCN2_d796e9cc,TCN2,loso_subject_S008,14,0.007524544454489656,,0.06326877907281969,,0.0007851243541221768
TCN2_d796e9cc,TCN2,loso_subject_S008,15,0.007399374087884096,,0.06279882446318326,,0.0007542957248827959
TCN2_d796e9cc,TCN2,loso_subject_S008,16,0.007437536475724188,,0.06225300159958945,,0.0007222075445642904
TCN2_d796e9cc,TCN2,loso_subject_S008,17,0.006396979166826426,,0.05723293318488671,,0.0006890576474687263
TCN2_d796e9cc,TCN2,loso_subject_S008,18,0.005540857657227434,,0.05564061523269331,,0.0006550504137351575
TCN2_d796e9cc,TCN2,loso_subject_S008,19,0.005437518966792372,,0.053002993141709115,,0.0006203955092681039
TCN2_d796e9cc,TCN2,loso_subject_S008,20,0.005350126941665643,,0.05306870352262873,,0.0005853065930775302
TCN2_d796e9cc,TCN2,loso_subject_S008,21,0.005751947664606651,,0.054177601441424444,,0.0005499999999999999
TCN2_d796e9cc,TCN2,loso_subject_S008,22,0.004875952799611796,,0.0516517122989091,,0.0005146934069224698
TCN2_d796e9cc,TCN2,loso_subject_S008,23,0.004785384963956067,,0.0497285449140237,,0.00047960449073189616
TCN2_d796e9cc,TCN2,loso_subject_S008,24,0.004393896314056838,,0.0481453161308561,,0.00044494958626484254
TCN2_d796e9cc,TCN2,loso_subject_S008,25,0.004464075105949169,,0.04859303446218407,,0.0004109423525312736
TCN2_d796e9cc,TCN2,loso_subject_S008,26,0.004508920168331191,,0.048948771680062626,,0.00037779245543570955
TCN2_d796e9cc,TCN2,loso_subject_S008,27,0.004363121578607629,,0.047505141963506664,,0.0003457042751172039
TCN2_d796e9cc,TCN2,loso_subject_S008,28,0.00396656204362339,,0.04569773443987011,,0.00031487564587782295
TCN2_d796e9cc,TCN2,loso_subject_S008,29,0.003912217736634024,,0.045278218106596047,,0.0002854966364683871
TCN2_d796e9cc,TCN2,loso_subject_S008,30,0.0036016013442130537,,0.04371603138094151,,0.0002577483782514174
TCN2_d796e9cc,TCN2,loso_subject_S008,31,0.0035484285844177782,,0.04337920062976686,,0.00023180194846605365
TCN2_d796e9cc,TCN2,loso_subject_S008,32,0.0035451129458062085,,0.0435655411570256,,0.00020781731547998616
TCN2_d796e9cc,TCN2,loso_subject_S008,33,0.0034244719634080245,,0.04272521319443742,,0.00018594235253127373
TCN2_d796e9cc,TCN2,loso_subject_S008,34,0.003342688745320031,,0.04189200076786764,,0.00016631192604065853
TCN2_d796e9cc,TCN2,loso_subject_S008,35,0.003221338781704767,,0.041646086986753345,,0.0001490470641152345
TCN2_d796e9cc,TCN2,loso_subject_S008,36,0.0033799998066882677,,0.04176743269658389,,0.00013425421036992097
TCN2_d796e9cc,TCN2,loso_subject_S008,37,0.003096828435384247,,0.04078976712962664,,0.0001220245676671809
TCN2_d796e9cc,TCN2,loso_subject_S008,38,0.003720807415168706,,0.04233883709934731,,0.00011243353582104555
TCN2_d796e9cc,TCN2,loso_subject_S008,39,0.003035872161368613,,0.04037423416925264,,0.00010554024673218805
TCN2_d796e9cc,TCN2,loso_subject_S008,40,0.0030289937542014285,,0.04074824728616854,,0.00010138719982009242
TCN2_d796e9cc,TCN2,loso_subject_S009,1,0.3840074792300185,,0.4584821858634687,,0.001
TCN2_d796e9cc,TCN2,loso_subject_S009,2,0.08295419373332638,,0.21399480267746807,,0.0009986128001799076
TCN2_d796e9cc,TCN2,loso_subject_S009,3,0.04328871002956612,,0.1524671670304586,,0.000994459753267812
TCN2_d796e9cc,TCN2,loso_subject_S009,4,0.02818697634829234,,0.12020874635813987,,0.0009875664641789542
TCN2_d796e9cc,TCN2,loso_subject_S009,5,0.02097564887204399,,0.10595874927223545,,0.000977975432332819
TCN2_d796e9cc,TCN2,loso_subject_S009,6,0.01817689677827979,,0.09807103719205072,,0.0009657457896300788
TCN2_d796e9cc,TCN2,loso_subject_S009,7,0.014045355611876266,,0.08664821619040346,,0.0009509529358847653
TCN2_d796e9cc,TCN2,loso_subject_S009,8,0.012933410780682955,,0.08310968643181944,,0.0009336880739593414
TCN2_d796e9cc,TCN2,loso_subject_S009,9,0.0109475259350179,,0.07612587817727703,,0.0009140576474687262
TCN2_d796e9cc,TCN2,loso_subject_S009,10,0.009478485288277064,,0.07065093047814826,,0.0008921826845200138
TCN2_d796e9cc,TCN2,loso_subject_S009,11,0.00849020081789118,,0.06796356612076498,,0.0008681980515339462
TCN2_d796e9cc,TCN2,loso_subject_S009,12,0.008071831593366519,,0.06617700186086027,,0.0008422516217485825
TCN2_d796e9cc,TCN2,loso_subject_S009,13,0.006982373284201508,,0.061278858719623255,,0.0008145033635316127
TCN2_d796e9cc,TCN2,loso_subject_S009,14,0.006803158523948634,,0.05970924919190472,,0.0007851243541221768
TCN2_d796e9cc,TCN2,loso_subject_S009,15,0.006569592301312783,,0.05942813674472783,,0.0007542957248827959
TCN2_d796e9cc,TCN2,loso_subject_S009,16,0.005876391794379443,,0.056187819740543626,,0.0007222075445642904
TCN2_d796e9cc,TCN2,loso_subject_S009,17,0.0057012934799063695,,0.05572016343270263,,0.0006890576474687263
TCN2_d796e9cc,TCN2,loso_subject_S009,18,0.005531975552950003,,0.053955533528981144,,0.0006550504137351575
TCN2_d796e9cc,TCN2,loso_subject_S009,19,0.004935781729777586,,0.050666623838143805,,0.0006203955092681039
TCN2_d796e9cc,TCN2,loso_subject_S009,20,0.004486595018932673,,0.04885611499417318,,0.0005853065930775302
TCN2_d796e9cc,TCN2,loso_subject_S009,21,0.004504102594793251,,0.04938882038201371,,0.0005499999999999999
TCN2_d796e9cc,TCN2,loso_subject_S009,22,0.004492979943241975,,0.04845681480348927,,0.0005146934069224698
TCN2_d796e9cc,TCN2,loso_subject_S009,23,0.003916919537603039,,0.04611289092939194,,0.00047960449073189616
TCN2_d796e9cc,TCN2,loso_subject_S009,24,0.003955908378024828,,0.045799417395706046,,0.00044494958626484254
TCN2_d796e9cc,TCN2,loso_subject_S009,25,0.004055084268345613,,0.04531746883302519,,0.0004109423525312736
TCN2_d796e9cc,TCN2,loso_subject_S009,26,0.0038229301380478357,,0.04512605606897237,,0.00037779245543570955
TCN2_d796e9cc,TCN2,loso_subject_S009,27,0.0033694414696209644,,0.04222223325951459,,0.0003457042751172039
TCN2_d796e9cc,TCN2,loso_subject_S009,28,0.0033681883432022104,,0.04334134363556561,,0.00031487564587782295
TCN2_d796e9cc,TCN2,loso_subject_S009,29,0.003372898137145867,,0.042538080670653955,,0.0002854966364683871
TCN2_d796e9cc,TCN2,loso_subject_S009,30,0.003312592180956104,,0.04235815113946183,,0.0002577483782514174
TCN2_d796e9cc,TCN2,loso_subject_S009,31,0.003035004620682703,,0.04069076498893842,,0.00023180194846605365
TCN2_d796e9cc,TCN2,loso_subject_S009,32,0.0032124804517841095,,0.04060605418396323,,0.00020781731547998616
TCN2_d796e9cc,TCN2,loso_subject_S009,33,0.00324776058391451,,0.04129683563154038,,0.00018594235253127373
TCN2_d796e9cc,TCN2,loso_subject_S009,34,0.0030362505165936605,,0.03987851728723474,,0.00016631192604065853
TCN2_d796e9cc,TCN2,loso_subject_S009,35,0.0030052006174491283,,0.040355133632682776,,0.0001490470641152345
TCN2_d796e9cc,TCN2,loso_subject_S009,36,0.002992667637331641,,0.03939535213659887,,0.00013425421036992097
TCN2_d796e9cc,TCN2,loso_subject_S009,37,0.00298348716651536,,0.03923482187602618,,0.0001220245676671809
TCN2_d796e9cc,TCN2,loso_subject_S009,38,0.003081732681531408,,0.0393964824815319,,0.00011243353582104555
TCN2_d796e9cc,TCN2,loso_subject_S009,39,0.0029614709145453287,,0.03893157936734696,,0.00010554024673218805
TCN2_d796e9cc,TCN2,loso_subject_S009,40,0.0030181920187777444,,0.03949237982295964,,0.00010138719982009242
TCN2_d796e9cc,TCN2,loso_subject_S010,1,0.3019062463841189,,0.39451833025349736,,0.001
TCN2_d796e9cc,TCN2,loso_subject_S010,2,0.08918584262540731,,0.21564701938307507,,0.0009986128001799076
TCN2_d796e9cc,TCN2,loso_subject_S010,3,0.05392786729012884,,0.1666987953962001,,0.000994459753267812
TCN2_d796e9cc,TCN2,loso_subject_S010,4,0.03911559402779323,,0.1393402166174596,,0.0009875664641789542
TCN2_d796e9cc,TCN2,loso_subject_S010,5,0.028695704407587924,,0.12176329373660015,,0.000977975432332819
TCN2_d796e9cc,TCN2,loso_subject_S010,6,0.022263872140349465,,0.10627174598571623,,0.0009657457896300788
TCN2_d796e9cc,TCN2,loso_subject_S010,7,0.01790669684818181,,0.09463650289715643,,0.0009509529358847653
TCN2_d796e9cc,TCN2,loso_subject_S010,8,0.016550206533722692,,0.09176323256293598,,0.0009336880739593414
TCN2_d796e9cc,TCN2,loso_subject_S010,9,0.012946119104805724,,0.0827580743153622,,0.0009140576474687262
TCN2_d796e9cc,TCN2,loso_subject_S010,10,0.011580412508036413,,0.07708790471139686,,0.0008921826845200138
TCN2_d796e9cc,TCN2,loso_subject_S010,11,0.010031437698412454,,0.07223198938530573,,0.0008681980515339462
TCN2_d796e9cc,TCN2,loso_subject_S010,12,0.009013282408400691,,0.06753223748095522,,0.0008422516217485825
TCN2_d796e9cc,TCN2,loso_subject_S010,13,0.008244072559837749,,0.06540919420691003,,0.0008145033635316127
TCN2_d796e9cc,TCN2,loso_subject_S010,14,0.008836755094402682,,0.06676492569920989,,0.0007851243541221768
TCN2_d796e9cc,TCN2,loso_subject_S010,15,0.00691000868929126,,0.0599107917203469,,0.0007542957248827959
TCN2_d796e9cc,TCN2,loso_subject_S010,16,0.0067492441331549954,,0.0583089402363232,,0.0007222075445642904
TCN2_d796e9cc,TCN2,loso_subject_S010,17,0.005941647398607526,,0.055915701801419054,,0.0006890576474687263
TCN2_d796e9cc,TCN2,loso_subject_S010,18,0.005681000576605063,,0.053686435788266776,,0.0006550504137351575
TCN2_d796e9cc,TCN2,loso_subject_S010,19,0.005135376620440921,,0.052023637198024816,,0.0006203955092681039
TCN2_d796e9cc,TCN2,loso_subject_S010,20,0.005121348116352124,,0.050617572623752626,,0.0005853065930775302
TCN2_d796e9cc,TCN2,loso_subject_S010,21,0.004550252832208476,,0.04928309582236645,,0.0005499999999999999
TCN2_d796e9cc,TCN2,loso_subject_S010,22,0.005213271551270785,,0.05132871035103251,,0.0005146934069224698
TCN2_d796e9cc,TCN2,loso_subject_S010,23,0.004550065923777439,,0.049163846302193295,,0.00047960449073189616
TCN2_d796e9cc,TCN2,loso_subject_S010,24,0.0050309315780460405,,0.04953208976561867,,0.00044494958626484254
TCN2_d796e9cc,TCN2,loso_subject_S010,25,0.004267900470725903,,0.04663421880786777,,0.0004109423525312736
TCN2_d796e9cc,TCN2,loso_subject_S010,26,0.004651708715881141,,0.048312714266862476,,0.00037779245543570955
TCN2_d796e9cc,TCN2,loso_subject_S010,27,0.004190860922380805,,0.04541938549652067,,0.0003457042751172039
TCN2_d796e9cc,TCN2,loso_subject_S010,28,0.004028657697844767,,0.044891976774945025,,0.00031487564587782295
TCN2_d796e9cc,TCN2,loso_subject_S010,29,0.0037815100379903844,,0.04390546936435,,0.0002854966364683871
TCN2_d796e9cc,TCN2,loso_subject_S010,30,0.003577437744951771,,0.04299631932181813,,0.0002577483782514174
TCN2_d796e9cc,TCN2,loso_subject_S010,31,0.0040600499362821426,,0.04478296582252541,,0.00023180194846605365
TCN2_d796e9cc,TCN2,loso_subject_S010,32,0.0036748270508102933,,0.043323841052754934,,0.00020781731547998616
TCN2_d796e9cc,TCN2,loso_subject_S010,33,0.0037599295113882767,,0.04291456430195556,,0.00018594235253127373
TCN2_d796e9cc,TCN2,loso_subject_S010,34,0.003938877223507921,,0.04449099186072864,,0.00016631192604065853
TCN2_d796e9cc,TCN2,loso_subject_S010,35,0.003320388210086155,,0.041614942660973,,0.0001490470641152345
TCN2_d796e9cc,TCN2,loso_subject_S010,36,0.003385058920445709,,0.04122131511971078,,0.00013425421036992097
TCN2_d796e9cc,TCN2,loso_subject_S010,37,0.0030078310775649097,,0.04031280652442429,,0.0001220245676671809
TCN2_d796e9cc,TCN2,loso_subject_S010,38,0.003569128401212325,,0.04168783069209747,,0.00011243353582104555
TCN2_d796e9cc,TCN2,loso_subject_S010,39,0.003193257923880325,,0.04022897707697312,,0.00010554024673218805
TCN2_d796e9cc,TCN2,loso_subject_S010,40,0.003246451751603847,,0.04085674610548035,,0.00010138719982009242
TCN2_d796e9cc,TCN2,loso_subject_S011,1,0.3237859778026035,,0.42527264541912574,,0.001
TCN2_d796e9cc,TCN2,loso_subject_S011,2,0.07674658873692695,,0.207078299914617,,0.0009986128001799076
TCN2_d796e9cc,TCN2,loso_subject_S011,3,0.04426055668228506,,0.15327962187121427,,0.000994459753267812
TCN2_d796e9cc,TCN2,loso_subject_S011,4,0.031116582782127648,,0.12938432473854128,,0.0009875664641789542
TCN2_d796e9cc,TCN2,loso_subject_S011,5,0.023979812175638295,,0.114185906337903,,0.000977975432332819
TCN2_d796e9cc,TCN2,loso_subject_S011,6,0.019063309731831252,,0.10139002049346994,,0.0009657457896300788
TCN2_d796e9cc,TCN2,loso_subject_S011,7,0.016336968839918357,,0.09255771713695853,,0.0009509529358847653
TCN2_d796e9cc,TCN2,loso_subject_S011,8,0.01396288262326055,,0.08501983476426317,,0.0009336880739593414
TCN2_d796e9cc,TCN2,loso_subject_S011,9,0.012335053597190504,,0.080290217265849,,0.0009140576474687262
TCN2_d796e9cc,TCN2,loso_subject_S011,10,0.010221745582032413,,0.07459348819083833,,0.0008921826845200138
TCN2_d796e9cc,TCN2,loso_subject_S011,11,0.009519812847710715,,0.07045967835634531,,0.0008681980515339462
TCN2_d796e9cc,TCN2,loso_subject_S011,12,0.007844185977973766,,0.06593413384770103,,0.0008422516217485825
TCN2_d796e9cc,TCN2,loso_subject_S011,13,0.007514461839141754,,0.06403568091859091,,0.0008145033635316127
TCN2_d796e9cc,TCN2,loso_subject_S011,14,0.006328564424337964,,0.0595041831599711,,0.0007851243541221768
TCN2_d796e9cc,TCN2,loso_subject_S011,15,0.007133743402964984,,0.060295402997753544,,0.0007542957248827959
TCN2_d796e9cc,TCN2,loso_subject_S011,16,0.0060287348603315265,,0.05667766034692205,,0.0007222075445642904
TCN2_d796e9cc,TCN2,loso_subject_S011,17,0.005262956182457932,,0.05338411111994871,,0.0006890576474687263
TCN2_d796e9cc,TCN2,loso_subject_S011,18,0.00538358822295679,,0.054277862018681754,,0.0006550504137351575
TCN2_d796e9cc,TCN2,loso_subject_S011,19,0.004835569016908616,,0.05164428545557773,,0.0006203955092681039
TCN2_d796e9cc,TCN2,loso_subject_S011,20,0.004794963621027729,,0.05012495564827647,,0.0005853065930775302
TCN2_d796e9cc,TCN2,loso_subject_S011,21,0.005101947980328219,,0.05118016069387477,,0.0005499999999999999
TCN2_d796e9cc,TCN2,loso_subject_S011,22,0.004199755130481939,,0.04683361109531748,,0.0005146934069224698
TCN2_d796e9cc,TCN2,loso_subject_S011,23,0.0038757735761992362,,0.04605648527942648,,0.00047960449073189616
TCN2_d796e9cc,TCN2,loso_subject_S011,24,0.0038634857620142666,,0.04586776711221899,,0.00044494958626484254
TCN2_d796e9cc,TCN2,loso_subject_S011,25,0.00360951958437242,,0.04478599835482666,,0.0004109423525312736
TCN2_d796e9cc,TCN2,loso_subject_S011,26,0.0036922677964990646,,0.0446130019178686,,0.00037779245543570955
TCN2_d796e9cc,TCN2,loso_subject_S011,27,0.0039037617648947625,,0.04509122072596173,,0.0003457042751172039
TCN2_d796e9cc,TCN2,loso_subject_S011,28,0.003179495548495363,,0.042251263700214786,,0.00031487564587782295
TCN2_d796e9cc,TCN2,loso_subject_S011,29,0.003417503408866427,,0.04254715380118919,,0.0002854966364683871
TCN2_d796e9cc,TCN2,loso_subject_S011,30,0.0034918872857705387,,0.0429182997134493,,0.0002577483782514174
TCN2_d796e9cc,TCN2,loso_subject_S011,31,0.0031950232183472387,,0.04148352643101517,,0.00023180194846605365
TCN2_d796e9cc,TCN2,loso_subject_S011,32,0.003149701196822086,,0.0413550134627954,,0.00020781731547998616
TCN2_d796e9cc,TCN2,loso_subject_S011,33,0.002900977665577017,,0.03990358062424048,,0.00018594235253127373
TCN2_d796e9cc,TCN2,loso_subject_S011,34,0.0032735527844764754,,0.041135324195662834,,0.00016631192604065853
TCN2_d796e9cc,TCN2,loso_subject_S011,35,0.003152263095775369,,0.04020547303796147,,0.0001490470641152345
TCN2_d796e9cc,TCN2,loso_subject_S011,36,0.003101409913752274,,0.04025651159818403,,0.00013425421036992097
TCN2_d796e9cc,TCN2,loso_subject_S011,37,0.003086311158962806,,0.04015439091455941,,0.0001220245676671809
TCN2_d796e9cc,TCN2,loso_subject_S011,38,0.002969115203453971,,0.03962570206429579,,0.00011243353582104555
TCN2_d796e9cc,TCN2,loso_subject_S011,39,0.0028393044737425634,,0.039394933378473135,,0.00010554024673218805
TCN2_d796e9cc,TCN2,loso_subject_S011,40,0.0027556671392010737,,0.038401007916571944,,0.00010138719982009242
TCN2_d796e9cc,TCN2,loso_subject_S012,1,0.3213591902576072,,0.42402724652433643,,0.001
TCN2_d796e9cc,TCN2,loso_subject_S012,2,0.08260004174077686,,0.21452984351704554,,0.0009986128001799076
TCN2_d796e9cc,TCN2,loso_subject_S012,3,0.0463666739704558,,0.15810307396664927,,0.000994459753267812
TCN2_d796e9cc,TCN2,loso_subject_S012,4,0.03257799885074062,,0.13122317608859804,,0.0009875664641789542
TCN2_d796e9cc,TCN2,loso_subject_S012,5,0.025021685472221514,,0.1142783036117452,,0.000977975432332819
TCN2_d796e9cc,TCN2,loso_subject_S012,6,0.02048124125195662,,0.10382457679088242,,0.0009657457896300788
TCN2_d796e9cc,TCN2,loso_subject_S012,7,0.019063223643871387,,0.09931353266623803,,0.0009509529358847653
TCN2_d796e9cc,TCN2,loso_subject_S012,8,0.015232417218390073,,0.08724280434394363,,0.0009336880739593414
TCN2_d796e9cc,TCN2,loso_subject_S012,9,0.01162226064467251,,0.07849716182139703,,0.0009140576474687262
TCN2_d796e9cc,TCN2,loso_subject_S012,10,0.00961455703739146,,0.06993787212186106,,0.0008921826845200138
TCN2_d796e9cc,TCN2,loso_subject_S012,11,0.009638269257703379,,0.07086657604866228,,0.0008681980515339462
TCN2_d796e9cc,TCN2,loso_subject_S012,12,0.008679938809183886,,0.06658718382336491,,0.0008422516217485825
TCN2_d796e9cc,TCN2,loso_subject_S012,13,0.008168839742368792,,0.06431715622302712,,0.0008145033635316127
TCN2_d796e9cc,TCN2,loso_subject_S012,14,0.007181257002141081,,0.061366149615798365,,0.0007851243541221768
TCN2_d796e9cc,TCN2,loso_subject_S012,15,0.0063426279172503095,,0.058540804307950535,,0.0007542957248827959
TCN2_d796e9cc,TCN2,loso_subject_S012,16,0.006219156260262274,,0.05663935808901638,,0.0007222075445642904
TCN2_d796e9cc,TCN2,loso_subject_S012,17,0.005946691989450881,,0.05436910026308669,,0.0006890576474687263
TCN2_d796e9cc,TCN2,loso_subject_S012,18,0.005348957092720336,,0.052619309775522455,,0.0006550504137351575
TCN2_d796e9cc,TCN2,loso_subject_S012,19,0.004901947500847041,,0.051340600339413726,,0.0006203955092681039
TCN2_d796e9cc,TCN2,loso_subject_S012,20,0.00499042956167357,,0.050314782061398666,,0.0005853065930775302
TCN2_d796e9cc,TCN2,loso_subject_S012,21,0.004672967012015644,,0.04962252663170787,,0.0005499999999999999
TCN2_d796e9cc,TCN2,loso_subject_S012,22,0.00427163039073024,,0.04776276105086103,,0.0005146934069224698
TCN2_d796e9cc,TCN2,loso_subject_S012,23,0.0037861671771952854,,0.04434722948034275,,0.00047960449073189616
TCN2_d796e9cc,TCN2,loso_subject_S012,24,0.004102585888616873,,0.046520559147395085,,0.00044494958626484254
TCN2_d796e9cc,TCN2,loso_subject_S012,25,0.003490631609268342,,0.042822602981633,,0.0004109423525312736
TCN2_d796e9cc,TCN2,loso_subject_S012,26,0.003303538660819691,,0.042473113767511055,,0.00037779245543570955
TCN2_d796e9cc,TCN2,loso_subject_S012,27,0.0036346863577059133,,0.04331146932905632,,0.0003457042751172039
TCN2_d796e9cc,TCN2,loso_subject_S012,28,0.0034077076591954914,,0.04192317543074801,,0.00031487564587782295
TCN2_d796e9cc,TCN2,loso_subject_S012,29,0.00332768794485011,,0.04150299166545372,,0.0002854966364683871
TCN2_d796e9cc,TCN2,loso_subject_S012,30,0.0032156462615967893,,0.04067564989153271,,0.0002577483782514174
TCN2_d796e9cc,TCN2,loso_subject_S012,31,0.0032176374900237626,,0.0407816159184293,,0.00023180194846605365
TCN2_d796e9cc,TCN2,loso_subject_S012,32,0.0031274077237630465,,0.04047683366129124,,0.00020781731547998616
TCN2_d796e9cc,TCN2,loso_subject_S012,33,0.00300704876298638,,0.03947658341314633,,0.00018594235253127373
TCN2_d796e9cc,TCN2,loso_subject_S012,34,0.002737884040455713,,0.038804367921153465,,0.00016631192604065853
TCN2_d796e9cc,TCN2,loso_subject_S012,35,0.0030610660007632253,,0.03954921587093775,,0.0001490470641152345
TCN2_d796e9cc,TCN2,loso_subject_S012,36,0.0028837342431603796,,0.03878394332697807,,0.00013425421036992097
TCN2_d796e9cc,TCN2,loso_subject_S012,37,0.0027313754264027407,,0.03768541275668328,,0.0001220245676671809
TCN2_d796e9cc,TCN2,loso_subject_S012,38,0.002775694889164857,,0.03817172364555314,,0.00011243353582104555
TCN2_d796e9cc,TCN2,loso_subject_S012,39,0.0030567093412423143,,0.038900325736918435,,0.00010554024673218805
TCN2_d796e9cc,TCN2,loso_subject_S012,40,0.0027504910812696636,,0.037475360667177604,,0.00010138719982009242
TCN2_d796e9cc,TCN2,loso_subject_S013,1,0.3389472572595728,,0.4237985028975482,,0.001
TCN2_d796e9cc,TCN2,loso_subject_S013,2,0.07710737626973523,,0.20707835179692588,,0.0009986128001799076
TCN2_d796e9cc,TCN2,loso_subject_S013,3,0.04483852962658982,,0.15605629475877075,,0.000994459753267812
TCN2_d796e9cc,TCN2,loso_subject_S013,4,0.03214799491270339,,0.13210176140205035,,0.0009875664641789542
TCN2_d796e9cc,TCN2,loso_subject_S013,5,0.02455679025327565,,0.11560190900957629,,0.000977975432332819
TCN2_d796e9cc,TCN2,loso_subject_S013,6,0.019826155602179856,,0.10370099994875445,,0.0009657457896300788
TCN2_d796e9cc,TCN2,loso_subject_S013,7,0.016755589894139944,,0.09603483128569772,,0.0009509529358847653
TCN2_d796e9cc,TCN2,loso_subject_S013,8,0.013469747174799835,,0.08580419085658918,,0.0009336880739593414
TCN2_d796e9cc,TCN2,loso_subject_S013,9,0.01200732787465504,,0.08130653225864753,,0.0009140576474687262
TCN2_d796e9cc,TCN2,loso_subject_S013,10,0.010776446852871406,,0.07721636684701233,,0.0008921826845200138
TCN2_d796e9cc,TCN2,loso_subject_S013,11,0.009296331692795524,,0.07104740442564618,,0.0008681980515339462
TCN2_d796e9cc,TCN2,loso_subject_S013,12,0.008610068009586849,,0.0674313505367826,,0.0008422516217485825
TCN2_d796e9cc,TCN2,loso_subject_S013,13,0.00801855769564045,,0.06582378799292989,,0.0008145033635316127
TCN2_d796e9cc,TCN2,loso_subject_S013,14,0.007738182210675424,,0.06356174912001304,,0.0007851243541221768
TCN2_d796e9cc,TCN2,loso_subject_S013,15,0.007055943360959717,,0.060789911856941596,,0.0007542957248827959
TCN2_d796e9cc,TCN2,loso_subject_S013,16,0.0069713872781796225,,0.05938167343868559,,0.0007222075445642904
TCN2_d796e9cc,TCN2,loso_subject_S013,17,0.00638513128473882,,0.05726077180734917,,0.0006890576474687263
TCN2_d796e9cc,TCN2,loso_subject_S013,18,0.005672136522740507,,0.0552708597114708,,0.0006550504137351575
TCN2_d796e9cc,TCN2,loso_subject_S013,19,0.0053306262211841125,,0.05259710234418346,,0.0006203955092681039
TCN2_d796e9cc,TCN2,loso_subject_S013,20,0.005104202785973177,,0.051780883247377354,,0.0005853065930775302
TCN2_d796e9cc,TCN2,loso_subject_S013,21,0.005184654924069958,,0.05206504923862884,,0.0005499999999999999
TCN2_d796e9cc,TCN2,loso_subject_S013,22,0.005088727840855196,,0.050326195383175044,,0.0005146934069224698
TCN2_d796e9cc,TCN2,loso_subject_S013,23,0.004872460967005773,,0.04961382706972322,,0.00047960449073189616
TCN2_d796e9cc,TCN2,loso_subject_S013,24,0.004529193487113513,,0.048628403422613424,,0.00044494958626484254
TCN2_d796e9cc,TCN2,loso_subject_S013,25,0.004111651449760121,,0.04604566568177965,,0.0004109423525312736
TCN2_d796e9cc,TCN2,loso_subject_S013,26,0.00403749945369746,,0.046139020813520816,,0.00037779245543570955
TCN2_d796e9cc,TCN2,loso_subject_S013,27,0.004051392834359602,,0.04600849250031441,,0.0003457042751172039
TCN2_d796e9cc,TCN2,loso_subject_S013,28,0.0038674387825268454,,0.04514262419720466,,0.00031487564587782295
TCN2_d796e9cc,TCN2,loso_subject_S013,29,0.003661481897950289,,0.04334889152165937,,0.0002854966364683871
TCN2_d796e9cc,TCN2,loso_subject_S013,30,0.0035190954543481306,,0.0429243845646402,,0.0002577483782514174
TCN2_d796e9cc,TCN2,loso_subject_S013,31,0.003922259481105728,,0.043910179363942016,,0.00023180194846605365
TCN2_d796e9cc,TCN2,loso_subject_S013,32,0.003770597234270856,,0.04340667003434923,,0.00020781731547998616
TCN2_d796e9cc,TCN2,loso_subject_S013,33,0.0037178216078236153,,0.04319581284130558,,0.00018594235253127373
TCN2_d796e9cc,TCN2,loso_subject_S013,34,0.00368340147143444,,0.04261269109100287,,0.00016631192604065853
TCN2_d796e9cc,TCN2,loso_subject_S013,35,0.0033637413420826872,,0.04173091020347604,,0.0001490470641152345
TCN2_d796e9cc,TCN2,loso_subject_S013,36,0.003298412453092337,,0.041856834545983275,,0.00013425421036992097
TCN2_d796e9cc,TCN2,loso_subject_S013,37,0.003198199599619063,,0.04042491416105725,,0.0001220245676671809
TCN2_d796e9cc,TCN2,loso_subject_S013,38,0.003324561447022559,,0.04045035932589127,,0.00011243353582104555
TCN2_d796e9cc,TCN2,loso_subject_S013,39,0.003149979795318912,,0.040921882542443465,,0.00010554024673218805
TCN2_d796e9cc,TCN2,loso_subject_S013,40,0.003092521087174025,,0.0401850363733128,,0.00010138719982009242
TCN2_d796e9cc,TCN2,loso_subject_S014,1,0.38388128199635363,,0.4713565782286816,,0.001
TCN2_d796e9cc,TCN2,loso_subject_S014,2,0.09559361676536274,,0.23062300876719957,,0.0009986128001799076
TCN2_d796e9cc,TCN2,loso_subject_S014,3,0.05260804679101186,,0.16708439022121274,,0.000994459753267812
TCN2_d796e9cc,TCN2,loso_subject_S014,4,0.03534133669903264,,0.13787970066554164,,0.0009875664641789542
TCN2_d796e9cc,TCN2,loso_subject_S014,5,0.02526637191447839,,0.11582635379043119,,0.000977975432332819
TCN2_d796e9cc,TCN2,loso_subject_S014,6,0.018806916512700052,,0.09963382216242216,,0.0009657457896300788
TCN2_d796e9cc,TCN2,loso_subject_S014,7,0.015036462877572912,,0.09104449203423022,,0.0009509529358847653
TCN2_d796e9cc,TCN2,loso_subject_S014,8,0.013711916705551906,,0.08423453894033876,,0.0009336880739593414
TCN2_d796e9cc,TCN2,loso_subject_S014,9,0.011554091296425094,,0.0773845349345923,,0.0009140576474687262
TCN2_d796e9cc,TCN2,loso_subject_S014,10,0.009540995482438476,,0.07266793813836019,,0.0008921826845200138
TCN2_d796e9cc,TCN2,loso_subject_S014,11,0.00981684007226635,,0.07228365496979766,,0.0008681980515339462
TCN2_d796e9cc,TCN2,loso_subject_S014,12,0.009072490524629067,,0.06959709121295937,,0.0008422516217485825
TCN2_d796e9cc,TCN2,loso_subject_S014,13,0.008032576608118312,,0.06549725157735797,,0.0008145033635316127
TCN2_d796e9cc,TCN2,loso_subject_S014,14,0.006628663340417204,,0.05969890164434305,,0.0007851243541221768
TCN2_d796e9cc,TCN2,loso_subject_S014,15,0.006681701330690971,,0.058775740668449636,,0.0007542957248827959
TCN2_d796e9cc,TCN2,loso_subject_S014,16,0.006346513023864455,,0.05855242748712671,,0.0007222075445642904
TCN2_d796e9cc,TCN2,loso_subject_S014,17,0.005824714107722286,,0.05597112628406492,,0.0006890576474687263
TCN2_d796e9cc,TCN2,loso_subject_S014,18,0.005712502569141542,,0.05538619798258642,,0.0006550504137351575
TCN2_d796e9cc,TCN2,loso_subject_S014,19,0.005188901527099024,,0.05325271082819113,,0.0006203955092681039
TCN2_d796e9cc,TCN2,loso_subject_S014,20,0.0049887774439441685,,0.050416791274327535,,0.0005853065930775302
TCN2_d796e9cc,TCN2,loso_subject_S014,21,0.004422312323192916,,0.04929679056693768,,0.0005499999999999999
TCN2_d796e9cc,TCN2,loso_subject_S014,22,0.00449988540530235,,0.048584761911848254,,0.0005146934069224698
TCN2_d796e9cc,TCN2,loso_subject_S014,23,0.004374971498997833,,0.04802306535036037,,0.00047960449073189616
TCN2_d796e9cc,TCN2,loso_subject_S014,24,0.004009974255220886,,0.04672760069219142,,0.00044494958626484254
TCN2_d796e9cc,TCN2,loso_subject_S014,25,0.00404265920969735,,0.045984469213604204,,0.0004109423525312736
TCN2_d796e9cc,TCN2,loso_subject_S014,26,0.0035518914451690402,,0.04429765878657057,,0.00037779245543570955
TCN2_d796e9cc,TCN2,loso_subject_S014,27,0.0035668549128821305,,0.04448929820625342,,0.0003457042751172039
TCN2_d796e9cc,TCN2,loso_subject_S014,28,0.003921100445295747,,0.04493010778879297,,0.00031487564587782295
TCN2_d796e9cc,TCN2,loso_subject_S014,29,0.0034859032088675316,,0.043525697321122846,,0.0002854966364683871
TCN2_d796e9cc,TCN2,loso_subject_S014,30,0.0035306182643682006,,0.04277129520871818,,0.0002577483782514174
TCN2_d796e9cc,TCN2,loso_subject_S014,31,0.0037354201526129827,,0.04301162221550216,,0.00023180194846605365
TCN2_d796e9cc,TCN2,loso_subject_S014,32,0.0033222254832288435,,0.04215316684655921,,0.00020781731547998616
TCN2_d796e9cc,TCN2,loso_subject_S014,33,0.003590551522630314,,0.042926523228446076,,0.00018594235253127373
TCN2_d796e9cc,TCN2,loso_subject_S014,34,0.003321649807431635,,0.040889462082066834,,0.00016631192604065853
TCN2_d796e9cc,TCN2,loso_subject_S014,35,0.003281827111923066,,0.04153430075601922,,0.0001490470641152345
TCN2_d796e9cc,TCN2,loso_subject_S014,36,0.0033440828866478337,,0.04234458549027511,,0.00013425421036992097
TCN2_d796e9cc,TCN2,loso_subject_S014,37,0.0033630022059835145,,0.041257388248253785,,0.0001220245676671809
TCN2_d796e9cc,TCN2,loso_subject_S014,38,0.0031996302059180957,,0.04127587906064175,,0.00011243353582104555
TCN2_d796e9cc,TCN2,loso_subject_S014,39,0.0031039825566944197,,0.04061329733300765,,0.00010554024673218805
TCN2_d796e9cc,TCN2,loso_subject_S014,40,0.002947514632841455,,0.03892805682869277,,0.00010138719982009242
TCN2_d796e9cc,TCN2,loso_subject_S016,1,0.31249425476922776,,0.41653002565280317,,0.001
TCN2_d796e9cc,TCN2,loso_subject_S016,2,0.09008169426514318,,0.22361286170185565,,0.0009986128001799076
TCN2_d796e9cc,TCN2,loso_subject_S016,3,0.04955909592798723,,0.16478201018545194,,0.000994459753267812
TCN2_d796e9cc,TCN2,loso_subject_S016,4,0.030645211495030612,,0.13008621875375223,,0.0009875664641789542
TCN2_d796e9cc,TCN2,loso_subject_S016,5,0.025322905893381032,,0.1167329648575082,,0.000977975432332819
TCN2_d796e9cc,TCN2,loso_subject_S016,6,0.019729037938740687,,0.10245371081482488,,0.0009657457896300788
TCN2_d796e9cc,TCN2,loso_subject_S016,7,0.015878592799313532,,0.09465530509956348,,0.0009509529358847653
TCN2_d796e9cc,TCN2,loso_subject_S016,8,0.012915164381027603,,0.08294046439301854,,0.0009336880739593414
TCN2_d796e9cc,TCN2,loso_subject_S016,9,0.013158595692306853,,0.08408693954967462,,0.0009140576474687262
TCN2_d796e9cc,TCN2,loso_subject_S016,10,0.010176008900466818,,0.07360277822413765,,0.0008921826845200138
TCN2_d796e9cc,TCN2,loso_subject_S016,11,0.009424617658324612,,0.07113605204481667,,0.0008681980515339462
TCN2_d796e9cc,TCN2,loso_subject_S016,12,0.008531532262246639,,0.06750267965439409,,0.0008422516217485825
TCN2_d796e9cc,TCN2,loso_subject_S016,13,0.008034388022943617,,0.06353751880625566,,0.0008145033635316127
TCN2_d796e9cc,TCN2,loso_subject_S016,14,0.007282959582944648,,0.06218727268635656,,0.0007851243541221768
TCN2_d796e9cc,TCN2,loso_subject_S016,15,0.00674787566985209,,0.059342165819753094,,0.0007542957248827959
TCN2_d796e9cc,TCN2,loso_subject_S016,16,0.0056252389307172536,,0.056058251962494164,,0.0007222075445642904
TCN2_d796e9cc,TCN2,loso_subject_S016,17,0.0054776543340743925,,0.05399821238062633,,0.0006890576474687263
TCN2_d796e9cc,TCN2,loso_subject_S016,18,0.00544648010658618,,0.05381418426577656,,0.0006550504137351575
TCN2_d796e9cc,TCN2,loso_subject_S016,19,0.004914808030516957,,0.051417273930467355,,0.0006203955092681039
TCN2_d796e9cc,TCN2,loso_subject_S016,20,0.004930624957776631,,0.05088773854195881,,0.0005853065930775302
TCN2_d796e9cc,TCN2,loso_subject_S016,21,0.004441399337015689,,0.0483887512296343,,0.0005499999999999999
TCN2_d796e9cc,TCN2,loso_subject_S016,22,0.004205118913869984,,0.046679852583918706,,0.0005146934069224698
TCN2_d796e9cc,TCN2,loso_subject_S016,23,0.00409083215507884,,0.04598843432463015,,0.00047960449073189616
TCN2_d796e9cc,TCN2,loso_subject_S016,24,0.004343787724815738,,0.04660738160768256,,0.00044494958626484254
TCN2_d796e9cc,TCN2,loso_subject_S016,25,0.0038967315284624553,,0.04537343309995846,,0.0004109423525312736
TCN2_d796e9cc,TCN2,loso_subject_S016,26,0.0035125014860147297,,0.0440858260344583,,0.00037779245543570955
TCN2_d796e9cc,TCN2,loso_subject_S016,27,0.003609202703618751,,0.04267202574795428,,0.0003457042751172039
TCN2_d796e9cc,TCN2,loso_subject_S016,28,0.0036716071989970466,,0.043389309828464215,,0.00031487564587782295
TCN2_d796e9cc,TCN2,loso_subject_S016,29,0.0035724015951085204,,0.04368491712422036,,0.0002854966364683871
TCN2_d796e9cc,TCN2,loso_subject_S016,30,0.003597176917932761,,0.04280547160929003,,0.0002577483782514174
TCN2_d796e9cc,TCN2,loso_subject_S016,31,0.0033372495949756317,,0.041488244189336276,,0.00023180194846605365
TCN2_d796e9cc,TCN2,loso_subject_S016,32,0.0030359558689708526,,0.0406203617850622,,0.00020781731547998616
TCN2_d796e9cc,TCN2,loso_subject_S016,33,0.0029415921836246414,,0.03910097411979502,,0.00018594235253127373
TCN2_d796e9cc,TCN2,loso_subject_S016,34,0.0030685768458254326,,0.03992568019527597,,0.00016631192604065853
TCN2_d796e9cc,TCN2,loso_subject_S016,35,0.003180318393003636,,0.040461095853354605,,0.0001490470641152345
TCN2_d796e9cc,TCN2,loso_subject_S016,36,0.0032319904791530425,,0.04053991847930435,,0.00013425421036992097
TCN2_d796e9cc,TCN2,loso_subject_S016,37,0.0028919869038564997,,0.03884545580957073,,0.0001220245676671809
TCN2_d796e9cc,TCN2,loso_subject_S016,38,0.0028397110424721586,,0.03888812225561934,,0.00011243353582104555
TCN2_d796e9cc,TCN2,loso_subject_S016,39,0.0027209187470251524,,0.03843190353185224,,0.00010554024673218805
TCN2_d796e9cc,TCN2,loso_subject_S016,40,0.002609946317569064,,0.037306659483014586,,0.00010138719982009242
TCN2_d796e9cc,TCN2,loso_subject_S017,1,0.3400456108686558,,0.42727160032873257,,0.001
TCN2_d796e9cc,TCN2,loso_subject_S017,2,0.08841899876192194,,0.2128811844842051,,0.0009986128001799076
TCN2_d796e9cc,TCN2,loso_subject_S017,3,0.04808794163266979,,0.1581893591492922,,0.000994459753267812
TCN2_d796e9cc,TCN2,loso_subject_S017,4,0.03397674349075216,,0.13417623815918586,,0.0009875664641789542
TCN2_d796e9cc,TCN2,loso_subject_S017,5,0.02868818781308103,,0.12278151253139573,,0.000977975432332819
TCN2_d796e9cc,TCN2,loso_subject_S017,6,0.023289725513098356,,0.11025915520724763,,0.0009657457896300788
TCN2_d796e9cc,TCN2,loso_subject_S017,7,0.016324279158222006,,0.09177024934768001,,0.0009509529358847653
TCN2_d796e9cc,TCN2,loso_subject_S017,8,0.0147276843190555,,0.08887400053281719,,0.0009336880739593414
TCN2_d796e9cc,TCN2,loso_subject_S017,9,0.012645337803764943,,0.08011635051582662,,0.0009140576474687262
TCN2_d796e9cc,TCN2,loso_subject_S017,10,0.011351337815431004,,0.07678369104934578,,0.0008921826845200138
TCN2_d796e9cc,TCN2,loso_subject_S017,11,0.009649600585653492,,0.06936354304086048,,0.0008681980515339462
TCN2_d796e9cc,TCN2,loso_subject_S017,12,0.00877222858835954,,0.06784237914453727,,0.0008422516217485825
TCN2_d796e9cc,TCN2,loso_subject_S017,13,0.0074860099914138105,,0.06320790866882103,,0.0008145033635316127
TCN2_d796e9cc,TCN2,loso_subject_S017,14,0.007548375416265138,,0.06150597579496826,,0.0007851243541221768
TCN2_d796e9cc,TCN2,loso_subject_S017,15,0.007133473129584957,,0.06110340128273966,,0.0007542957248827959
TCN2_d796e9cc,TCN2,loso_subject_S017,16,0.006237131169948535,,0.057658834644461004,,0.0007222075445642904
TCN2_d796e9cc,TCN2,loso_subject_S017,17,0.005718464699590022,,0.05418592512468875,,0.0006890576474687263
TCN2_d796e9cc,TCN2,loso_subject_S017,18,0.0051054063734407365,,0.05182055713784497,,0.0006550504137351575
TCN2_d796e9cc,TCN2,loso_subject_S017,19,0.005494184578809991,,0.05255670375286785,,0.0006203955092681039
TCN2_d796e9cc,TCN2,loso_subject_S017,20,0.005092092545854568,,0.04959712217315784,,0.0005853065930775302
TCN2_d796e9cc,TCN2,loso_subject_S017,21,0.004850065992004606,,0.050339969334116066,,0.0005499999999999999
TCN2_d796e9cc,TCN2,loso_subject_S017,22,0.004955857206993062,,0.05055418408704595,,0.0005146934069224698
TCN2_d796e9cc,TCN2,loso_subject_S017,23,0.004581151870111375,,0.04812355031674326,,0.00047960449073189616
TCN2_d796e9cc,TCN2,loso_subject_S017,24,0.004370235254741581,,0.04716318839115442,,0.00044494958626484254
TCN2_d796e9cc,TCN2,loso_subject_S017,25,0.0038476734648664824,,0.044674284216461274,,0.0004109423525312736
TCN2_d796e9cc,TCN2,loso_subject_S017,26,0.004001238835822506,,0.045938211372208854,,0.00037779245543570955
TCN2_d796e9cc,TCN2,loso_subject_S017,27,0.004171901800112293,,0.04609857565481766,,0.0003457042751172039
TCN2_d796e9cc,TCN2,loso_subject_S017,28,0.003817143224372718,,0.043391466434729915,,0.00031487564587782295
TCN2_d796e9cc,TCN2,loso_subject_S017,29,0.0035866959309201643,,0.04352960442330421,,0.0002854966364683871
TCN2_d796e9cc,TCN2,loso_subject_S017,30,0.0037681414443850275,,0.044064684227886876,,0.0002577483782514174
TCN2_d796e9cc,TCN2,loso_subject_S017,31,0.0033098295955149475,,0.042012089995334914,,0.00023180194846605365
TCN2_d796e9cc,TCN2,loso_subject_S017,32,0.003689260543797064,,0.04235918094143603,,0.00020781731547998616
TCN2_d796e9cc,TCN2,loso_subject_S017,33,0.0031491810024743476,,0.04032050183804978,,0.00018594235253127373
TCN2_d796e9cc,TCN2,loso_subject_S017,34,0.003213674744959726,,0.04116158953855415,,0.00016631192604065853
TCN2_d796e9cc,TCN2,loso_subject_S017,35,0.0032081494261618085,,0.040873760992954346,,0.0001490470641152345
TCN2_d796e9cc,TCN2,loso_subject_S017,36,0.003348457117333936,,0.0408325419553568,,0.00013425421036992097
TCN2_d796e9cc,TCN2,loso_subject_S017,37,0.0030897311513504,,0.03990004456800664,,0.0001220245676671809
TCN2_d796e9cc,TCN2,loso_subject_S017,38,0.003162561911103613,,0.03973544211715207,,0.00011243353582104555
TCN2_d796e9cc,TCN2,loso_subject_S017,39,0.002842270100839023,,0.03935108131505564,,0.00010554024673218805
TCN2_d796e9cc,TCN2,loso_subject_S017,40,0.003090392305010282,,0.04027646183304245,,0.00010138719982009242
TCN2_d796e9cc,TCN2,loso_subject_S018,1,0.26822430590769486,,0.38501409970398104,,0.001
TCN2_d796e9cc,TCN2,loso_subject_S018,2,0.06994400403168567,,0.19413441682899077,,0.0009986128001799076
TCN2_d796e9cc,TCN2,loso_subject_S018,3,0.04012464058409481,,0.14501215953304192,,0.000994459753267812
TCN2_d796e9cc,TCN2,loso_subject_S018,4,0.028544702471136454,,0.12327407359014575,,0.0009875664641789542
TCN2_d796e9cc,TCN2,loso_subject_S018,5,0.022596452388756804,,0.11002286774027434,,0.000977975432332819
TCN2_d796e9cc,TCN2,loso_subject_S018,6,0.017403844577621206,,0.0940658281124977,,0.0009657457896300788
TCN2_d796e9cc,TCN2,loso_subject_S018,7,0.014437053689569658,,0.08671695558549161,,0.0009509529358847653
TCN2_d796e9cc,TCN2,loso_subject_S018,8,0.011772745120777806,,0.07825583292920273,,0.0009336880739593414
TCN2_d796e9cc,TCN2,loso_subject_S018,9,0.01062550046739992,,0.07478926109200741,,0.0009140576474687262
TCN2_d796e9cc,TCN2,loso_subject_S018,10,0.009546769730248423,,0.0694763974717473,,0.0008921826845200138
TCN2_d796e9cc,TCN2,loso_subject_S018,11,0.008561825790239412,,0.06530680583098146,,0.0008681980515339462
TCN2_d796e9cc,TCN2,loso_subject_S018,12,0.007377227507895747,,0.06183100513322868,,0.0008422516217485825
TCN2_d796e9cc,TCN2,loso_subject_S018,13,0.007523298946067536,,0.06191361477636386,,0.0008145033635316127
TCN2_d796e9cc,TCN2,loso_subject_S018,14,0.006743582420518008,,0.057694803734890755,,0.0007851243541221768
TCN2_d796e9cc,TCN2,loso_subject_S018,15,0.006134714904477218,,0.05659841635147015,,0.0007542957248827959
TCN2_d796e9cc,TCN2,loso_subject_S018,16,0.005607031705732511,,0.05443104136351106,,0.0007222075445642904
TCN2_d796e9cc,TCN2,loso_subject_S018,17,0.005165763191208415,,0.051312699021565225,,0.0006890576474687263
TCN2_d796e9cc,TCN2,loso_subject_S018,18,0.0046869847911380404,,0.04944871838788915,,0.0006550504137351575
TCN2_d796e9cc,TCN2,loso_subject_S018,19,0.004831539366669859,,0.05055112214084328,,0.0006203955092681039
TCN2_d796e9cc,TCN2,loso_subject_S018,20,0.004905883927824923,,0.04928616328531182,,0.0005853065930775302
TCN2_d796e9cc,TCN2,loso_subject_S018,21,0.0040357539455426715,,0.0461756689006362,,0.0005499999999999999
TCN2_d796e9cc,TCN2,loso_subject_S018,22,0.004212056439324939,,0.045705422090816974,,0.0005146934069224698
TCN2_d796e9cc,TCN2,loso_subject_S018,23,0.004164050152755905,,0.0454861741140342,,0.00047960449073189616
TCN2_d796e9cc,TCN2,loso_subject_S018,24,0.004034237946312619,,0.04481636776509254,,0.00044494958626484254
TCN2_d796e9cc,TCN2,loso_subject_S018,25,0.003663988796984809,,0.043894798097573004,,0.0004109423525312736
TCN2_d796e9cc,TCN2,loso_subject_S018,26,0.0036711083061496228,,0.043227192619869015,,0.00037779245543570955
TCN2_d796e9cc,TCN2,loso_subject_S018,27,0.003308969915188755,,0.0417897501134379,,0.0003457042751172039
TCN2_d796e9cc,TCN2,loso_subject_S018,28,0.003317853173058253,,0.041600276607179056,,0.00031487564587782295
TCN2_d796e9cc,TCN2,loso_subject_S018,29,0.003044949904985186,,0.04020190962307204,,0.0002854966364683871
TCN2_d796e9cc,TCN2,loso_subject_S018,30,0.0028620349905810944,,0.03957491097332829,,0.0002577483782514174
TCN2_d796e9cc,TCN2,loso_subject_S018,31,0.0029318587539571912,,0.03947478354022895,,0.00023180194846605365
TCN2_d796e9cc,TCN2,loso_subject_S018,32,0.002999687739678267,,0.03921300707682653,,0.00020781731547998616
TCN2_d796e9cc,TCN2,loso_subject_S018,33,0.00293848857409601,,0.03908653746920557,,0.00018594235253127373
TCN2_d796e9cc,TCN2,loso_subject_S018,34,0.002856669031710415,,0.038801902050531516,,0.00016631192604065853
TCN2_d796e9cc,TCN2,loso_subject_S018,35,0.002761687638274483,,0.03772161628132855,,0.0001490470641152345
TCN2_d796e9cc,TCN2,loso_subject_S018,36,0.002664137873097172,,0.0373971318335609,,0.00013425421036992097
TCN2_d796e9cc,TCN2,loso_subject_S018,37,0.0027714137766287504,,0.038308329184869094,,0.0001220245676671809
TCN2_d796e9cc,TCN2,loso_subject_S018,38,0.0027621424546870076,,0.03751562569174743,,0.00011243353582104555
TCN2_d796e9cc,TCN2,loso_subject_S018,39,0.0026304718256375086,,0.03756227130095316,,0.00010554024673218805
TCN2_d796e9cc,TCN2,loso_subject_S018,40,0.0025206688118990742,,0.03666667568244985,,0.00010138719982009242
TCN2_d796e9cc,TCN2,loso_subject_S019,1,0.3163256324832381,,0.4139607244222615,,0.001
TCN2_d796e9cc,TCN2,loso_subject_S019,2,0.07551315578043749,,0.2048609257639208,,0.0009986128001799076
TCN2_d796e9cc,TCN2,loso_subject_S019,3,0.04704513732662595,,0.15995280648704527,,0.000994459753267812
TCN2_d796e9cc,TCN2,loso_subject_S019,4,0.031535281670415985,,0.1291171380982362,,0.0009875664641789542
TCN2_d796e9cc,TCN2,loso_subject_S019,5,0.022540405539429192,,0.11067528022061507,,0.000977975432332819
TCN2_d796e9cc,TCN2,loso_subject_S019,6,0.020021218710743423,,0.10378719340056947,,0.0009657457896300788
TCN2_d796e9cc,TCN2,loso_subject_S019,7,0.017685032018734666,,0.09509821642728682,,0.0009509529358847653
TCN2_d796e9cc,TCN2,loso_subject_S019,8,0.01384133714130733,,0.08570226328506331,,0.0009336880739593414
TCN2_d796e9cc,TCN2,loso_subject_S019,9,0.01212409026355644,,0.08040934623392935,,0.0009140576474687262
TCN2_d796e9cc,TCN2,loso_subject_S019,10,0.011847364364974468,,0.07719252657441966,,0.0008921826845200138
TCN2_d796e9cc,TCN2,loso_subject_S019,11,0.010414743996737466,,0.07413651460598804,,0.0008681980515339462
TCN2_d796e9cc,TCN2,loso_subject_S019,12,0.009157845350135443,,0.06999117296441817,,0.0008422516217485825
TCN2_d796e9cc,TCN2,loso_subject_S019,13,0.009267808689731512,,0.06988882680030699,,0.0008145033635316127
TCN2_d796e9cc,TCN2,loso_subject_S019,14,0.00785260108286602,,0.06454577426643146,,0.0007851243541221768
TCN2_d796e9cc,TCN2,loso_subject_S019,15,0.0072949291599362625,,0.06051476791287543,,0.0007542957248827959
TCN2_d796e9cc,TCN2,loso_subject_S019,16,0.006113394574951765,,0.057711803320963276,,0.0007222075445642904
TCN2_d796e9cc,TCN2,loso_subject_S019,17,0.0062327883818555346,,0.05700147960741611,,0.0006890576474687263
TCN2_d796e9cc,TCN2,loso_subject_S019,18,0.005447662494832542,,0.05430477235923073,,0.0006550504137351575
TCN2_d796e9cc,TCN2,loso_subject_S019,19,0.005471476624114223,,0.05367907450965724,,0.0006203955092681039
TCN2_d796e9cc,TCN2,loso_subject_S019,20,0.0058667052386495765,,0.05516664460113015,,0.0005853065930775302
TCN2_d796e9cc,TCN2,loso_subject_S019,21,0.004894180216870062,,0.05056195119156447,,0.0005499999999999999
TCN2_d796e9cc,TCN2,loso_subject_S019,22,0.004716324773403195,,0.048382994718457195,,0.0005146934069224698
TCN2_d796e9cc,TCN2,loso_subject_S019,23,0.004687027394354777,,0.05027052763891883,,0.00047960449073189616
TCN2_d796e9cc,TCN2,loso_subject_S019,24,0.00447705719624699,,0.04776405484532938,,0.00044494958626484254
TCN2_d796e9cc,TCN2,loso_subject_S019,25,0.004202100039164238,,0.04802436424121794,,0.0004109423525312736
TCN2_d796e9cc,TCN2,loso_subject_S019,26,0.003881127671617269,,0.045707131034643196,,0.00037779245543570955
TCN2_d796e9cc,TCN2,loso_subject_S019,27,0.003803289125901496,,0.04432147723735258,,0.0003457042751172039
TCN2_d796e9cc,TCN2,loso_subject_S019,28,0.004185640286486258,,0.045089832016098515,,0.00031487564587782295
TCN2_d796e9cc,TCN2,loso_subject_S019,29,0.003903825270770266,,0.04432410294063675,,0.0002854966364683871
TCN2_d796e9cc,TCN2,loso_subject_S019,30,0.003710253858837557,,0.04415578533904341,,0.0002577483782514174
TCN2_d796e9cc,TCN2,loso_subject_S019,31,0.003582960047460449,,0.04310583303302991,,0.00023180194846605365
TCN2_d796e9cc,TCN2,loso_subject_S019,32,0.003200715178430702,,0.041332779766962695,,0.00020781731547998616
TCN2_d796e9cc,TCN2,loso_subject_S019,33,0.0033110249873911637,,0.04136087232710087,,0.00018594235253127373
TCN2_d796e9cc,TCN2,loso_subject_S019,34,0.003469129452098034,,0.04288981716139528,,0.00016631192604065853
TCN2_d796e9cc,TCN2,loso_subject_S019,35,0.0033307857018668994,,0.04144848374829632,,0.0001490470641152345
TCN2_d796e9cc,TCN2,loso_subject_S019,36,0.0033494634105887904,,0.04162689357810743,,0.00013425421036992097
TCN2_d796e9cc,TCN2,loso_subject_S019,37,0.003134114610816572,,0.040656206429984264,,0.0001220245676671809
TCN2_d796e9cc,TCN2,loso_subject_S019,38,0.0035376017866126353,,0.040892497516675584,,0.00011243353582104555
TCN2_d796e9cc,TCN2,loso_subject_S019,39,0.0030185546414664482,,0.03973984019968186,,0.00010554024673218805
TCN2_d796e9cc,TCN2,loso_subject_S019,40,0.0031330429907068707,,0.04066149641913148,,0.00010138719982009242
