comparison_kind,group_key,metric,condition_a,condition_b,n_subjects,mean_a,mean_b,delta_mean,median_a,median_b,delta_median,wilcoxon_stat,wilcoxon_pvalue,ttest_stat,ttest_pvalue,cohens_d,cliffs_delta,bootstrap_ci_low,bootstrap_ci_high,pvalue_adj,correction_method,reject_at_alpha
attention_vs_plain,target=lt1|feature_set=EMG|with_abs=False,abs_lt_err_median_sec,attention,plain,18,220.3460274284912,210.29370257948278,10.052324849008414,199.9550094604489,158.83351977666194,41.12148968378696,54.0,0.18146514892578125,1.095754586306871,0.2884673786674628,0.2582718328312829,0.06790123456790123,-7.184078788515925,27.411336819286042,0.435516357421875,fdr_bh,False
attention_vs_plain,target=lt1|feature_set=EMG|with_abs=True,abs_lt_err_median_sec,attention,plain,18,220.3460274284912,205.8654504095514,14.480577018939783,199.9550094604489,152.85498608152068,47.10002337892823,44.0,0.0736846923828125,1.5515920851250216,0.1391764699861946,0.3657137616757592,0.09876543209876543,-3.073206126255308,31.93453702276438,0.435516357421875,fdr_bh,False
attention_vs_plain,target=lt1|feature_set=EMG+NIRS|with_abs=False,abs_lt_err_median_sec,attention,plain,18,180.97030461662342,180.86794435067304,0.10236026595038084,157.95272690057752,140.1424843271571,17.810242573420425,79.0,0.7987060546875,0.011458022827188424,0.990991413199881,0.00270068188003173,0.006172839506172839,-16.960365616357723,16.551090405412374,0.8713156960227273,fdr_bh,False
attention_vs_plain,target=lt1|feature_set=EMG+NIRS|with_abs=True,abs_lt_err_median_sec,attention,plain,18,184.03087298240922,193.59133291272096,-9.560459930311737,156.64635086059567,141.53801313290992,15.10833772768575,54.0,0.18146514892578125,-1.484033729509781,0.1561045146830795,-0.34979010454864295,-0.06790123456790123,-21.99132191858911,3.411338411533684,0.435516357421875,fdr_bh,False
attention_vs_plain,target=lt1|feature_set=EMG+NIRS+HRV|with_abs=False,abs_lt_err_median_sec,attention,plain,18,166.0786206059985,160.0847911787805,5.993829427218003,131.23154067993164,120.49065490563689,10.740885774294753,63.0,0.34654998779296875,0.6124668939185959,0.5483346894288146,0.14435983131403368,0.07407407407407407,-11.908701309589347,23.325427267341762,0.594085693359375,fdr_bh,False
attention_vs_plain,target=lt1|feature_set=EMG+NIRS+HRV|with_abs=True,abs_lt_err_median_sec,attention,plain,18,169.68080153067905,175.871979161821,-6.191177631141954,120.99473524093615,128.685064991315,-7.690329750378837,69.0,0.49507904052734375,-0.8652197885494017,0.3989637532586896,-0.20393425990002423,-0.043209876543209874,-19.21995754034297,6.806217672675924,0.6601053873697916,fdr_bh,False
attention_vs_plain,target=lt2|feature_set=EMG|with_abs=False,abs_lt_err_median_sec,attention,plain,17,168.49509623471428,174.32317703903888,-5.8280808043246,141.69546914100647,164.3511629899343,-22.655693848927825,54.0,0.3060455322265625,-0.6283294356127187,0.5386546538307481,-0.15239227239505707,-0.07958477508650519,-21.70607370545754,12.410794349876731,0.594085693359375,fdr_bh,False
attention_vs_plain,target=lt2|feature_set=EMG|with_abs=True,abs_lt_err_median_sec,attention,plain,17,168.49509623471428,172.3664136403331,-3.871317405618811,141.69546914100647,131.49564365545908,10.199825485547393,64.0,0.5790557861328125,-0.41231594927579085,0.6855794525281872,-0.10000130647005291,-0.09342560553633218,-21.326255518307583,15.017088469548858,0.6948669433593749,fdr_bh,False
attention_vs_plain,target=lt2|feature_set=EMG+NIRS|with_abs=False,abs_lt_err_median_sec,attention,plain,17,179.36860724933,171.4464644078238,7.922142841506201,135.23266410827648,124.94101745883619,10.291646649440295,76.0,1.0,0.6362387539715314,0.5336174098794334,0.15431056386682304,-0.08650519031141868,-14.081237426414829,33.36785752344872,1.0,fdr_bh,False
attention_vs_plain,target=lt2|feature_set=EMG+NIRS|with_abs=True,abs_lt_err_median_sec,attention,plain,17,208.20253782412578,184.14391022803736,24.058627596088428,155.34298896789548,147.06019417444875,8.282794793446726,59.0,0.4306793212890625,1.3406147523813547,0.19877095709941878,0.3251468369017406,0.010380622837370242,-6.2521361935810695,62.164650904620906,0.6460189819335938,fdr_bh,False
attention_vs_plain,target=lt2|feature_set=EMG+NIRS+HRV|with_abs=False,abs_lt_err_median_sec,attention,plain,17,162.22414431151216,139.50980787446684,22.71433643704532,161.56917858123754,126.45257071653988,35.116607864697656,45.0,0.1454315185546875,1.665703660313825,0.1152271984235303,0.4039924783795213,0.11418685121107267,-3.526237990860598,49.649770397524854,0.435516357421875,fdr_bh,False
attention_vs_plain,target=lt2|feature_set=EMG+NIRS+HRV|with_abs=True,abs_lt_err_median_sec,attention,plain,17,147.14336574778838,127.42853186878504,19.714833879003336,131.87688827514648,102.74450810750325,29.132380167643234,36.0,0.056884765625,2.1693268238142265,0.04546629846336915,0.5261390371218664,0.1695501730103806,2.5897024943402167,37.01589670545035,0.435516357421875,fdr_bh,False
attention_vs_plain,target=lt1|feature_set=EMG|with_abs=False,mae,attention,plain,18,218.064047796577,224.6137102700203,-6.5496624734433055,193.50540542112753,166.34557054460737,27.159834876520165,60.0,0.28372955322265625,-0.7076665931856962,0.4887415330224659,-0.16679861562026257,-0.024691358024691357,-23.685632525521118,11.256445983104882,0.48639351981026785,fdr_bh,False
attention_vs_plain,target=lt1|feature_set=EMG|with_abs=True,mae,attention,plain,18,218.064047796577,219.55387150319206,-1.4898237066150557,193.50540542112753,163.16680593296633,30.338599488161208,80.0,0.83172607421875,-0.15816941243364752,0.8761869503335795,-0.03728088803604133,0.006172839506172839,-18.902563909905098,17.73168771490241,0.9980712890625,fdr_bh,False
attention_vs_plain,target=lt1|feature_set=EMG+NIRS|with_abs=False,mae,attention,plain,18,195.57771191671918,205.55572626298283,-9.978014346263649,165.41830789971516,170.83601464779068,-5.417706748075517,56.0,0.2121429443359375,-1.3388013375575154,0.19826450352359748,-0.3155585014828465,-0.06790123456790123,-24.343606587161577,3.531304139468563,0.424285888671875,fdr_bh,False
attention_vs_plain,target=lt1|feature_set=EMG+NIRS|with_abs=True,mae,attention,plain,18,194.36614224949537,215.53015626387295,-21.164014014377585,158.63356116806602,194.70354284070663,-36.06998167264061,31.0,0.01593017578125,-3.0481014549513947,0.00726865063188541,-0.7184444028469043,-0.1419753086419753,-33.806417856183415,-6.883025372417503,0.0955810546875,fdr_bh,False
attention_vs_plain,target=lt1|feature_set=EMG+NIRS+HRV|with_abs=False,mae,attention,plain,18,177.8276572836532,187.95922453399322,-10.131567250340026,145.18883965375397,153.64335383855695,-8.454514184802974,56.0,0.2121429443359375,-1.3530221162867404,0.19376962861042382,-0.31891037117390925,-0.037037037037037035,-23.11592471430517,3.9856782512312288,0.424285888671875,fdr_bh,False
attention_vs_plain,target=lt1|feature_set=EMG+NIRS+HRV|with_abs=True,mae,attention,plain,18,179.1511910766637,196.466295887419,-17.315104810755287,142.5685288342168,163.6827891944378,-21.11426036022098,30.0,0.0138702392578125,-2.7376959582968516,0.014024929516843416,-0.6452811256462357,-0.11728395061728394,-28.683033395395427,-5.370728344170376,0.0955810546875,fdr_bh,False
attention_vs_plain,target=lt2|feature_set=EMG|with_abs=False,mae,attention,plain,17,184.63123338035513,203.58771731732375,-18.956483936968624,168.94007173370792,198.109370024741,-29.169298291033073,33.0,0.0395355224609375,-1.962429366406481,0.06734454800136405,-0.47595903297105074,-0.16262975778546712,-35.53837387635061,-0.5575443878911948,0.1186065673828125,fdr_bh,False
attention_vs_plain,target=lt2|feature_set=EMG|with_abs=True,mae,attention,plain,17,184.63123338035513,205.50965764977866,-20.878424269423533,168.94007173370792,186.10718304080606,-17.16711130709814,33.0,0.0395355224609375,-2.1893418664365565,0.043740499173108016,-0.5309933979944021,-0.17647058823529413,-37.66950103524978,-2.245313280097183,0.1186065673828125,fdr_bh,False
attention_vs_plain,target=lt2|feature_set=EMG+NIRS|with_abs=False,mae,attention,plain,17,190.8456601624754,197.77339147869802,-6.927731316222605,206.35587417044886,162.21625813690562,44.139616033543234,56.0,0.352874755859375,-0.6798003315146935,0.506348149459432,-0.16487579830382257,-0.10726643598615918,-25.29502317308944,13.562469110706752,0.5293121337890625,fdr_bh,False
attention_vs_plain,target=lt2|feature_set=EMG+NIRS|with_abs=True,mae,attention,plain,17,206.98158481154033,202.47086783129004,4.510716980250294,191.30355799380152,187.7759651860074,3.5275928077941217,60.0,0.4585723876953125,0.2805824769440275,0.7826262819486269,0.06805124641986218,-0.0657439446366782,-21.761263471401296,40.29666432240438,0.6114298502604166,fdr_bh,False
attention_vs_plain,target=lt2|feature_set=EMG+NIRS+HRV|with_abs=False,mae,attention,plain,17,173.4797077621694,169.34948646690518,4.130221295264221,170.913584662473,156.70872183781964,14.204862824653361,76.0,1.0,0.32796440532687693,0.7471911395666848,0.07954305203562334,0.02422145328719723,-17.741550747481106,29.697984342713383,1.0,fdr_bh,False
attention_vs_plain,target=lt2|feature_set=EMG+NIRS+HRV|with_abs=True,mae,attention,plain,17,156.22866425454254,151.3386792461741,4.889985008368427,147.24012180479176,134.0611028466793,13.179018958112465,75.0,0.963226318359375,0.6149610989951081,0.547227679787585,0.1491499745178088,0.010380622837370242,-8.22113813300498,21.217572366729765,1.0,fdr_bh,False
