model_id,architecture_id,family,target,feature_set,with_abs,phase_split,feature_name,modality,mean_abs_shap,mean_shap,mean_feature_value,mean_prediction,mean_base_value,mean_windows_per_subject,n_subjects,abs_shap_share,feature_rank_global
Lin10_dc410fe4,Lin10,Lin,lt1,EMG+NIRS+HRV,False,full_window,feat_rr_per_watt,Interaction,100.91608256173994,1.4065958851201197,,-123.00764648700614,-131.99624867663317,229.44444444444446,18,0.04438409459000249,4
Lin10_dc410fe4,Lin10,Lin,lt1,EMG+NIRS+HRV,False,full_window,feat_smo2_x_dfa,Interaction,58.138975042701155,7.171542409795957,,-123.00764648700614,-131.99624867663317,229.44444444444446,18,0.025570213410556625,14
Lin10_dc410fe4,Lin10,Lin,lt1,EMG+NIRS+HRV,False,full_window,hhb_from_running_min,NIRS,92.00899771327823,10.81867093556366,4.190271864821134,-123.00764648700614,-131.99624867663317,229.44444444444446,18,0.04046665262832667,6
Lin10_dc410fe4,Lin10,Lin,lt1,EMG+NIRS+HRV,False,full_window,hrv_dfa_alpha1,HRV,74.71108922173694,-3.6116777080457783,,-123.00764648700614,-131.99624867663317,229.44444444444446,18,0.03285882652956714,11
Lin10_dc410fe4,Lin10,Lin,lt1,EMG+NIRS+HRV,False,full_window,hrv_rmssd_ms,HRV,10.78265084734362,2.815584167940215,,-123.00764648700614,-131.99624867663317,229.44444444444446,18,0.004742338217961226,43
Lin10_dc410fe4,Lin10,Lin,lt1,EMG+NIRS+HRV,False,full_window,hrv_sd1_ms,HRV,10.770090324881778,2.810653812486334,,-123.00764648700614,-131.99624867663317,229.44444444444446,18,0.004736813950640354,44
Lin10_dc410fe4,Lin10,Lin,lt1,EMG+NIRS+HRV,False,full_window,hrv_sd1_sd2_ratio,HRV,1.816355704672492,-0.30999577318638216,,-123.00764648700614,-131.99624867663317,229.44444444444446,18,0.0007988548639504835,57
Lin10_dc410fe4,Lin10,Lin,lt1,EMG+NIRS+HRV,False,full_window,hrv_sd2_ms,HRV,15.690593887092724,-1.603408305965689,,-123.00764648700614,-131.99624867663317,229.44444444444446,18,0.006900909999473836,37
Lin10_dc410fe4,Lin10,Lin,lt1,EMG+NIRS+HRV,False,full_window,hrv_sdnn_ms,HRV,4.3379830393310765,0.43133975634457306,,-123.00764648700614,-131.99624867663317,229.44444444444446,18,0.0019078965875404803,52
Lin10_dc410fe4,Lin10,Lin,lt1,EMG+NIRS+HRV,False,full_window,smo2_from_running_max,NIRS,34.07166790423385,-1.380661689975566,10.123444243664355,-123.00764648700614,-131.99624867663317,229.44444444444446,18,0.01498512519226543,25
Lin10_dc410fe4,Lin10,Lin,lt1,EMG+NIRS+HRV,False,full_window,smo2_rel_drop_pct,NIRS,82.769031178247,-4.336172686730403,12.506440788451192,-123.00764648700614,-131.99624867663317,229.44444444444446,18,0.03640280533769901,9
Lin10_dc410fe4,Lin10,Lin,lt1,EMG+NIRS+HRV,False,full_window,trainred_dhhb_dt,NIRS,1.2824963368666171,-0.015549709497705264,0.005713023709050787,-123.00764648700614,-131.99624867663317,229.44444444444446,18,0.0005640571580054624,62
Lin10_dc410fe4,Lin10,Lin,lt1,EMG+NIRS+HRV,False,full_window,trainred_dsmo2_dt,NIRS,0.7113789814066497,0.006156509637737159,-0.012105310242511484,-123.00764648700614,-131.99624867663317,229.44444444444446,18,0.00031287294550673433,64
Lin10_dc410fe4,Lin10,Lin,lt1,EMG+NIRS+HRV,False,full_window,trainred_hbdiff_slope,NIRS,2.4900863271466154,0.08201605084890978,-0.007925514642334318,-123.00764648700614,-131.99624867663317,229.44444444444446,18,0.0010951696129676018,56
Lin10_dc410fe4,Lin10,Lin,lt1,EMG+NIRS+HRV,False,full_window,trainred_hbdiff_std,NIRS,34.08059367094202,-5.931874926420172,0.5641982353265583,-123.00764648700614,-131.99624867663317,229.44444444444446,18,0.014989050850731428,24
Lin10_dc410fe4,Lin10,Lin,lt1,EMG+NIRS+HRV,False,full_window,trainred_hhb_slope,NIRS,1.287411617660779,-0.015444412589571724,0.005713023709050787,-123.00764648700614,-131.99624867663317,229.44444444444446,18,0.0005662189570187271,61
Lin10_dc410fe4,Lin10,Lin,lt1,EMG+NIRS+HRV,False,full_window,trainred_hhb_std,NIRS,68.31140380054867,-7.689282962847607,0.5666005023984879,-123.00764648700614,-131.99624867663317,229.44444444444446,18,0.030044168688419737,12
Lin10_dc410fe4,Lin10,Lin,lt1,EMG+NIRS+HRV,False,full_window,trainred_smo2_drop,NIRS,120.71550449110843,12.282242640225952,8.64680325850851,-123.00764648700614,-131.99624867663317,229.44444444444446,18,0.053092116081055005,3
Lin10_dc410fe4,Lin10,Lin,lt1,EMG+NIRS+HRV,False,full_window,trainred_smo2_slope,NIRS,0.7126319383547425,0.0062263469526004,-0.012105310242511484,-123.00764648700614,-131.99624867663317,229.44444444444446,18,0.00031342401088986917,63
Lin10_dc410fe4,Lin10,Lin,lt1,EMG+NIRS+HRV,False,full_window,trainred_smo2_std,NIRS,3.6403208819003825,0.5115050505532991,1.08433392381768,-123.00764648700614,-131.99624867663317,229.44444444444446,18,0.0016010564645271355,53
Lin10_dc410fe4,Lin10,Lin,lt1,EMG+NIRS+HRV,False,full_window,trainred_thb_slope,NIRS,2.9628491018534553,0.023382775702888752,0.0035127119345076813,-123.00764648700614,-131.99624867663317,229.44444444444446,18,0.0013030963098682967,54
Lin10_dc410fe4,Lin10,Lin,lt1,EMG+NIRS+HRV,False,full_window,trainred_thb_std,NIRS,28.84482941754606,-3.56468101811884,1.2701112477474763,-123.00764648700614,-131.99624867663317,229.44444444444446,18,0.012686299396506989,28
Lin10_dc410fe4,Lin10,Lin,lt1,EMG+NIRS+HRV,False,full_window,z_cadence_cv,Kinematics,5.684354430106918,0.4839720734908004,1.8270632116678018,-123.00764648700614,-131.99624867663317,229.44444444444446,18,0.0025000467547341863,49
Lin10_dc410fe4,Lin10,Lin,lt1,EMG+NIRS+HRV,False,full_window,z_cadence_mean_rpm,Kinematics,32.61031128923578,5.214655342041576,0.1324329703336754,-123.00764648700614,-131.99624867663317,229.44444444444446,18,0.014342403154476076,26
Lin10_dc410fe4,Lin10,Lin,lt1,EMG+NIRS+HRV,False,full_window,z_load_duration_cv,Kinematics,5.717409636823261,-1.0363977327216383,2.358298342749789,-123.00764648700614,-131.99624867663317,229.44444444444446,18,0.0025145848281943077,48
Lin10_dc410fe4,Lin10,Lin,lt1,EMG+NIRS+HRV,False,full_window,z_load_duration_ms,Kinematics,4.485617368732674,0.5266326583925179,-2.491548704041806,-123.00764648700614,-131.99624867663317,229.44444444444446,18,0.0019728279233053544,51
Lin10_dc410fe4,Lin10,Lin,lt1,EMG+NIRS+HRV,False,full_window,z_load_rest_ratio,Kinematics,5.237547100371991,-2.4164155496926245,-3.894094922060731,-123.00764648700614,-131.99624867663317,229.44444444444446,18,0.0023035355715505857,50
Lin10_dc410fe4,Lin10,Lin,lt1,EMG+NIRS+HRV,False,full_window,z_load_sampen_30s,Kinematics,1.3959044647678087,-0.04894201589358443,0.7468866214924443,-123.00764648700614,-131.99624867663317,229.44444444444446,18,0.0006139354028626398,59
Lin10_dc410fe4,Lin10,Lin,lt1,EMG+NIRS+HRV,False,full_window,z_load_trend_cv_ratio_30s,Kinematics,1.3244571034994264,-0.0038843273348771637,0.15515254663928074,-123.00764648700614,-131.99624867663317,229.44444444444446,18,0.0005825120027440127,60
Lin10_dc410fe4,Lin10,Lin,lt1,EMG+NIRS+HRV,False,full_window,z_rest_duration_cv,Kinematics,1.6768798725199283,0.3009628500749286,2.2832293379247632,-123.00764648700614,-131.99624867663317,229.44444444444446,18,0.0007375117324085771,58
Lin10_dc410fe4,Lin10,Lin,lt1,EMG+NIRS+HRV,False,full_window,z_rest_duration_ms,Kinematics,7.295643403650148,0.8826776045354556,1.6339533333935499,-123.00764648700614,-131.99624867663317,229.44444444444446,18,0.0032087108288654615,47
Lin10_dc410fe4,Lin10,Lin,lt1,EMG+NIRS+HRV,False,full_window,z_rest_sampen_30s,Kinematics,2.5773375394426137,-0.11453860961342713,0.23447116439536544,-123.00764648700614,-131.99624867663317,229.44444444444446,18,0.0011335437349245135,55
Lin10_dc410fe4,Lin10,Lin,lt1,EMG+NIRS+HRV,False,full_window,z_rest_trend_cv_ratio_30s,Kinematics,0.3382488746178315,-0.06380805221496569,0.2035674664049368,-123.00764648700614,-131.99624867663317,229.44444444444446,18,0.00014876588215574985,65
Lin10_dc410fe4,Lin10,Lin,lt1,EMG+NIRS+HRV,False,full_window,z_vl_dist_full_window_e_d2,EMG,26.864628890443893,-9.061846405232329,19.965835273226524,-123.00764648700614,-131.99624867663317,229.44444444444446,18,0.011815383628960174,30
Lin10_dc410fe4,Lin10,Lin,lt1,EMG+NIRS+HRV,False,full_window,z_vl_dist_full_window_e_d3,EMG,21.500707672308522,0.2550434060576929,19.467094032371485,-123.00764648700614,-131.99624867663317,229.44444444444446,18,0.009456267215841483,35
Lin10_dc410fe4,Lin10,Lin,lt1,EMG+NIRS+HRV,False,full_window,z_vl_dist_full_window_e_d4,EMG,56.22507813508233,-4.593121850524415,21.78572574252827,-123.00764648700614,-131.99624867663317,229.44444444444446,18,0.02472845876425139,15
Lin10_dc410fe4,Lin10,Lin,lt1,EMG+NIRS+HRV,False,full_window,z_vl_dist_full_window_e_d5,EMG,48.84481658076792,1.0573238210138565,20.577010193507856,-123.00764648700614,-131.99624867663317,229.44444444444446,18,0.02148253186528317,18
Lin10_dc410fe4,Lin10,Lin,lt1,EMG+NIRS+HRV,False,full_window,z_vl_dist_full_window_mav,EMG,98.00870242669095,-8.20423339923909,14.473553469621493,-123.00764648700614,-131.99624867663317,229.44444444444446,18,0.04310539419213318,5
Lin10_dc410fe4,Lin10,Lin,lt1,EMG+NIRS+HRV,False,full_window,z_vl_dist_full_window_mdf,EMG,23.47018341830422,-1.6491468623782535,-0.0549654451871098,-123.00764648700614,-131.99624867663317,229.44444444444446,18,0.010322466096971353,32
Lin10_dc410fe4,Lin10,Lin,lt1,EMG+NIRS+HRV,False,full_window,z_vl_dist_full_window_mnf,EMG,9.250388315511554,1.150028835729081,0.19185777557494432,-123.00764648700614,-131.99624867663317,229.44444444444446,18,0.004068430913761778,45
Lin10_dc410fe4,Lin10,Lin,lt1,EMG+NIRS+HRV,False,full_window,z_vl_dist_full_window_p_high,EMG,20.141601372754696,1.9194365794188402,0.07288414554771469,-123.00764648700614,-131.99624867663317,229.44444444444446,18,0.008858516084148869,36
Lin10_dc410fe4,Lin10,Lin,lt1,EMG+NIRS+HRV,False,full_window,z_vl_dist_full_window_p_low,EMG,11.381446245960309,0.5152944350148352,-0.19006098179491582,-123.00764648700614,-131.99624867663317,229.44444444444446,18,0.005005695563367512,42
Lin10_dc410fe4,Lin10,Lin,lt1,EMG+NIRS+HRV,False,full_window,z_vl_dist_full_window_p_mid,EMG,12.775489247937568,1.6868059034754357,-0.07353239753368039,-123.00764648700614,-131.99624867663317,229.44444444444446,18,0.005618812272732799,39
Lin10_dc410fe4,Lin10,Lin,lt1,EMG+NIRS+HRV,False,full_window,z_vl_dist_full_window_ratio_low_high,EMG,26.304876247248732,3.7801066922180775,0.6358041459327717,-123.00764648700614,-131.99624867663317,229.44444444444446,18,0.011569197752220673,31
Lin10_dc410fe4,Lin10,Lin,lt1,EMG+NIRS+HRV,False,full_window,z_vl_dist_full_window_ratio_mid_high,EMG,12.086480739628524,-2.735813155930265,0.7392659256825153,-123.00764648700614,-131.99624867663317,229.44444444444446,18,0.005315778127631142,41
Lin10_dc410fe4,Lin10,Lin,lt1,EMG+NIRS+HRV,False,full_window,z_vl_dist_full_window_rms,EMG,146.87666852660882,12.522883700952772,13.639770498295258,-123.00764648700614,-131.99624867663317,229.44444444444446,18,0.06459810749155037,2
Lin10_dc410fe4,Lin10,Lin,lt1,EMG+NIRS+HRV,False,full_window,z_vl_dist_full_window_wavelet_entropy,EMG,35.35982260109347,-3.5381836379023,-0.18482052149929354,-123.00764648700614,-131.99624867663317,229.44444444444446,18,0.015551670964362704,23
Lin10_dc410fe4,Lin10,Lin,lt1,EMG+NIRS+HRV,False,full_window,z_vl_dist_full_window_wl,EMG,50.79264977069454,-6.975155508769212,13.464594688928434,-123.00764648700614,-131.99624867663317,229.44444444444446,18,0.02233921209258349,17
Lin10_dc410fe4,Lin10,Lin,lt1,EMG+NIRS+HRV,False,full_window,z_vl_dist_full_window_zcr,EMG,12.748242857840594,-3.729613877240499,-3.4559004551645196,-123.00764648700614,-131.99624867663317,229.44444444444446,18,0.005606828985980063,40
Lin10_dc410fe4,Lin10,Lin,lt1,EMG+NIRS+HRV,False,full_window,z_vl_prox_full_window_e_d2,EMG,81.3296687872597,-4.7404020126263555,18.126917196742895,-123.00764648700614,-131.99624867663317,229.44444444444446,18,0.03576975662148682,10
Lin10_dc410fe4,Lin10,Lin,lt1,EMG+NIRS+HRV,False,full_window,z_vl_prox_full_window_e_d3,EMG,9.157587787094199,-1.6608628717652936,19.924330616312755,-123.00764648700614,-131.99624867663317,229.44444444444446,18,0.00402761613650605,46
Lin10_dc410fe4,Lin10,Lin,lt1,EMG+NIRS+HRV,False,full_window,z_vl_prox_full_window_e_d4,EMG,14.16543236222197,-1.843663551532133,21.854792205388723,-123.00764648700614,-131.99624867663317,229.44444444444446,18,0.0062301258026786245,38
Lin10_dc410fe4,Lin10,Lin,lt1,EMG+NIRS+HRV,False,full_window,z_vl_prox_full_window_e_d5,EMG,88.0432740939796,-0.5978111833797968,17.13569921030211,-123.00764648700614,-131.99624867663317,229.44444444444446,18,0.03872248016573556,7
Lin10_dc410fe4,Lin10,Lin,lt1,EMG+NIRS+HRV,False,full_window,z_vl_prox_full_window_mav,EMG,22.15536267549906,-1.1977402735173257,12.851220402281669,-123.00764648700614,-131.99624867663317,229.44444444444446,18,0.00974419228038856,33
Lin10_dc410fe4,Lin10,Lin,lt1,EMG+NIRS+HRV,False,full_window,z_vl_prox_full_window_mdf,EMG,36.179031907353796,-3.000724671233784,0.3174788488809707,-123.00764648700614,-131.99624867663317,229.44444444444446,18,0.01591196897053852,21
Lin10_dc410fe4,Lin10,Lin,lt1,EMG+NIRS+HRV,False,full_window,z_vl_prox_full_window_mnf,EMG,54.82889238307629,10.025040393023495,0.0983573597725801,-123.00764648700614,-131.99624867663317,229.44444444444446,18,0.024114399647912448,16
Lin10_dc410fe4,Lin10,Lin,lt1,EMG+NIRS+HRV,False,full_window,z_vl_prox_full_window_p_high,EMG,63.90614683814041,6.783086706053784,-0.14035970928813182,-123.00764648700614,-131.99624867663317,229.44444444444446,18,0.028106684228564934,13
Lin10_dc410fe4,Lin10,Lin,lt1,EMG+NIRS+HRV,False,full_window,z_vl_prox_full_window_p_low,EMG,21.87855513258974,0.08051829658563461,-0.6835251302979467,-123.00764648700614,-131.99624867663317,229.44444444444446,18,0.009622449027421948,34
Lin10_dc410fe4,Lin10,Lin,lt1,EMG+NIRS+HRV,False,full_window,z_vl_prox_full_window_p_mid,EMG,45.49880991258221,17.241237581817366,0.8845148518837637,-123.00764648700614,-131.99624867663317,229.44444444444446,18,0.02001091829597249,19
Lin10_dc410fe4,Lin10,Lin,lt1,EMG+NIRS+HRV,False,full_window,z_vl_prox_full_window_ratio_low_high,EMG,27.16015916559928,1.643161118971358,0.6017770304775543,-123.00764648700614,-131.99624867663317,229.44444444444446,18,0.011945361362476349,29
Lin10_dc410fe4,Lin10,Lin,lt1,EMG+NIRS+HRV,False,full_window,z_vl_prox_full_window_ratio_mid_high,EMG,36.12804938917406,-8.860082781815736,1.6557765808630587,-123.00764648700614,-131.99624867663317,229.44444444444446,18,0.015889546252059118,22
Lin10_dc410fe4,Lin10,Lin,lt1,EMG+NIRS+HRV,False,full_window,z_vl_prox_full_window_rms,EMG,87.38487256844553,-4.683823968886617,13.234787350788784,-123.00764648700614,-131.99624867663317,229.44444444444446,18,0.03843290733605672,8
Lin10_dc410fe4,Lin10,Lin,lt1,EMG+NIRS+HRV,False,full_window,z_vl_prox_full_window_wavelet_entropy,EMG,37.09862992445327,-3.59816889296986,-0.8893782259222063,-123.00764648700614,-131.99624867663317,229.44444444444446,18,0.016316419126941994,20
Lin10_dc410fe4,Lin10,Lin,lt1,EMG+NIRS+HRV,False,full_window,z_vl_prox_full_window_wl,EMG,185.4082985325481,7.012290247959397,13.738414099694783,-123.00764648700614,-131.99624867663317,229.44444444444446,18,0.08154477711523796,1
Lin10_dc410fe4,Lin10,Lin,lt1,EMG+NIRS+HRV,False,full_window,z_vl_prox_full_window_zcr,EMG,31.34795997789758,0.3546579874200045,-3.4976862280324412,-123.00764648700614,-131.99624867663317,229.44444444444446,18,0.01378720601853919,27
Lin12_ecfa2a6a,Lin12,Lin,lt2,HRV,True,split,hrv_dfa_alpha1,HRV,97.25719882441659,6.421300828048355,1.1377978348715616,285.3560315306038,271.28403731401045,202.83333333333334,18,0.29413585367154366,2
Lin12_ecfa2a6a,Lin12,Lin,lt2,HRV,True,split,hrv_mean_rr_ms,HRV,201.15612302858278,3.0357460773838705,485.6409114077687,285.3560315306038,271.28403731401045,202.83333333333334,18,0.6083583393666097,1
Lin12_ecfa2a6a,Lin12,Lin,lt2,HRV,True,split,hrv_rmssd_ms,HRV,6.725541559505242,0.8309520203167494,7.705747751525154,285.3560315306038,271.28403731401045,202.83333333333334,18,0.02034011807783922,4
Lin12_ecfa2a6a,Lin12,Lin,lt2,HRV,True,split,hrv_sd1_ms,HRV,6.7246685297053,0.8310788628831053,5.4487864892164275,285.3560315306038,271.28403731401045,202.83333333333334,18,0.020337477765671172,5
Lin12_ecfa2a6a,Lin12,Lin,lt2,HRV,True,split,hrv_sd1_sd2_ratio,HRV,14.132109711435604,1.6487029569854421,0.22924944008730563,285.3560315306038,271.28403731401045,202.83333333333334,18,0.04273987123212787,3
Lin12_ecfa2a6a,Lin12,Lin,lt2,HRV,True,split,hrv_sd2_ms,HRV,2.6920371093845015,0.8391638671643697,25.748320764507174,285.3560315306038,271.28403731401045,202.83333333333334,18,0.008141552942665012,6
Lin12_ecfa2a6a,Lin12,Lin,lt2,HRV,True,split,hrv_sdnn_ms,HRV,1.9663289358127736,0.4650496038114345,18.744245653543757,285.3560315306038,271.28403731401045,202.83333333333334,18,0.0059467869435403465,7
Lin14_228f08a1,Lin14,Lin,lt1,EMG+NIRS+HRV,False,full_window,feat_rr_per_watt,Interaction,103.67087514292943,7.3182734935423985,,-125.59379549643528,-140.89973644907394,229.44444444444446,18,0.054691256202156056,3
Lin14_228f08a1,Lin14,Lin,lt1,EMG+NIRS+HRV,False,full_window,feat_smo2_x_dfa,Interaction,44.67316732250332,3.9759206723796052,,-125.59379549643528,-140.89973644907394,229.44444444444446,18,0.02356719412302027,14
Lin14_228f08a1,Lin14,Lin,lt1,EMG+NIRS+HRV,False,full_window,hhb_from_running_min,NIRS,80.41920824476423,10.800467804078078,4.190271864821134,-125.59379549643528,-140.89973644907394,229.44444444444446,18,0.0424249097504499,6
Lin14_228f08a1,Lin14,Lin,lt1,EMG+NIRS+HRV,False,full_window,hrv_dfa_alpha1,HRV,66.27257724406502,-0.7456024505474717,,-125.59379549643528,-140.89973644907394,229.44444444444446,18,0.03496189741077475,8
Lin14_228f08a1,Lin14,Lin,lt1,EMG+NIRS+HRV,False,full_window,hrv_rmssd_ms,HRV,9.372485686899953,1.8626610360561011,,-125.59379549643528,-140.89973644907394,229.44444444444446,18,0.004944426438443602,43
Lin14_228f08a1,Lin14,Lin,lt1,EMG+NIRS+HRV,False,full_window,hrv_sd1_ms,HRV,9.371134821504933,1.8637515726049863,,-125.59379549643528,-140.89973644907394,229.44444444444446,18,0.004943713793495714,44
Lin14_228f08a1,Lin14,Lin,lt1,EMG+NIRS+HRV,False,full_window,hrv_sd1_sd2_ratio,HRV,1.4235709879090437,-0.01337500219415291,,-125.59379549643528,-140.89973644907394,229.44444444444446,18,0.0007510005632184528,57
Lin14_228f08a1,Lin14,Lin,lt1,EMG+NIRS+HRV,False,full_window,hrv_sd2_ms,HRV,12.477990917961256,-0.4930176085579294,,-125.59379549643528,-140.89973644907394,229.44444444444446,18,0.006582726317700416,39
Lin14_228f08a1,Lin14,Lin,lt1,EMG+NIRS+HRV,False,full_window,hrv_sdnn_ms,HRV,5.238104104472595,0.3562545471517991,,-125.59379549643528,-140.89973644907394,229.44444444444446,18,0.0027633459560972395,49
Lin14_228f08a1,Lin14,Lin,lt1,EMG+NIRS+HRV,False,full_window,smo2_from_running_max,NIRS,26.07368344239472,0.14079565224035495,10.123444243664355,-125.59379549643528,-140.89973644907394,229.44444444444446,18,0.013755092732803849,28
Lin14_228f08a1,Lin14,Lin,lt1,EMG+NIRS+HRV,False,full_window,smo2_rel_drop_pct,NIRS,60.57569286132171,-8.150718495168466,12.506440788451192,-125.59379549643528,-140.89973644907394,229.44444444444446,18,0.031956523308346085,10
Lin14_228f08a1,Lin14,Lin,lt1,EMG+NIRS+HRV,False,full_window,trainred_dhhb_dt,NIRS,0.680158406251697,-0.06844139780762462,0.005713023709050787,-125.59379549643528,-140.89973644907394,229.44444444444446,18,0.0003588155072779737,63
Lin14_228f08a1,Lin14,Lin,lt1,EMG+NIRS+HRV,False,full_window,trainred_dsmo2_dt,NIRS,0.7784148512209623,-0.0458907459417644,-0.012105310242511484,-125.59379549643528,-140.89973644907394,229.44444444444446,18,0.0004106503972402549,60
Lin14_228f08a1,Lin14,Lin,lt1,EMG+NIRS+HRV,False,full_window,trainred_hbdiff_slope,NIRS,0.5828854139049433,0.033141481265357306,-0.007925514642334318,-125.59379549643528,-140.89973644907394,229.44444444444446,18,0.0003074994347681961,64
Lin14_228f08a1,Lin14,Lin,lt1,EMG+NIRS+HRV,False,full_window,trainred_hbdiff_std,NIRS,36.80126588884755,-7.496452953234824,0.5641982353265583,-125.59379549643528,-140.89973644907394,229.44444444444446,18,0.0194143963626789,19
Lin14_228f08a1,Lin14,Lin,lt1,EMG+NIRS+HRV,False,full_window,trainred_hhb_slope,NIRS,0.680744626293377,-0.06828046933107393,0.005713023709050787,-125.59379549643528,-140.89973644907394,229.44444444444446,18,0.0003591247658855253,62
Lin14_228f08a1,Lin14,Lin,lt1,EMG+NIRS+HRV,False,full_window,trainred_hhb_std,NIRS,66.03921406130478,-12.732282894730579,0.5666005023984879,-125.59379549643528,-140.89973644907394,229.44444444444446,18,0.03483878737047756,9
Lin14_228f08a1,Lin14,Lin,lt1,EMG+NIRS+HRV,False,full_window,trainred_smo2_drop,NIRS,106.55617871255063,15.690455848335363,8.64680325850851,-125.59379549643528,-140.89973644907394,229.44444444444446,18,0.0562133893618269,2
Lin14_228f08a1,Lin14,Lin,lt1,EMG+NIRS+HRV,False,full_window,trainred_smo2_slope,NIRS,0.7783985275186224,-0.04581393165454221,-0.012105310242511484,-125.59379549643528,-140.89973644907394,229.44444444444446,18,0.0004106417857205237,61
Lin14_228f08a1,Lin14,Lin,lt1,EMG+NIRS+HRV,False,full_window,trainred_smo2_std,NIRS,3.9469208623087013,-0.06275883103963605,1.08433392381768,-125.59379549643528,-140.89973644907394,229.44444444444446,18,0.0020821861471947084,52
Lin14_228f08a1,Lin14,Lin,lt1,EMG+NIRS+HRV,False,full_window,trainred_thb_slope,NIRS,0.8129057595683461,0.15461373082342217,0.0035127119345076813,-125.59379549643528,-140.89973644907394,229.44444444444446,18,0.0004288459714791254,59
Lin14_228f08a1,Lin14,Lin,lt1,EMG+NIRS+HRV,False,full_window,trainred_thb_std,NIRS,32.067172138360235,-1.6965060913435448,1.2701112477474763,-125.59379549643528,-140.89973644907394,229.44444444444446,18,0.016916939542371678,24
Lin14_228f08a1,Lin14,Lin,lt1,EMG+NIRS+HRV,False,full_window,z_cadence_cv,Kinematics,2.9414908277333787,0.32192607652359867,1.8270632116678018,-125.59379549643528,-140.89973644907394,229.44444444444446,18,0.0015517745775181701,54
Lin14_228f08a1,Lin14,Lin,lt1,EMG+NIRS+HRV,False,full_window,z_cadence_mean_rpm,Kinematics,31.97048317367949,4.36352872956972,0.1324329703336754,-125.59379549643528,-140.89973644907394,229.44444444444446,18,0.016865931571888308,25
Lin14_228f08a1,Lin14,Lin,lt1,EMG+NIRS+HRV,False,full_window,z_load_duration_cv,Kinematics,6.31497083251742,-1.1412886447276578,2.358298342749789,-125.59379549643528,-140.89973644907394,229.44444444444446,18,0.003331443737059146,48
Lin14_228f08a1,Lin14,Lin,lt1,EMG+NIRS+HRV,False,full_window,z_load_duration_ms,Kinematics,6.531146640166568,0.9752595242588301,-2.491548704041806,-125.59379549643528,-140.89973644907394,229.44444444444446,18,0.0034454866296704744,47
Lin14_228f08a1,Lin14,Lin,lt1,EMG+NIRS+HRV,False,full_window,z_load_rest_ratio,Kinematics,5.214180895994356,-2.396970018440677,-3.894094922060731,-125.59379549643528,-140.89973644907394,229.44444444444446,18,0.0027507253399188087,50
Lin14_228f08a1,Lin14,Lin,lt1,EMG+NIRS+HRV,False,full_window,z_load_sampen_30s,Kinematics,1.6190382352684882,0.0032088328142495714,0.7468866214924443,-125.59379549643528,-140.89973644907394,229.44444444444446,18,0.0008541187175672704,56
Lin14_228f08a1,Lin14,Lin,lt1,EMG+NIRS+HRV,False,full_window,z_load_trend_cv_ratio_30s,Kinematics,1.412628563510531,-0.007480905626802186,0.15515254663928074,-125.59379549643528,-140.89973644907394,229.44444444444446,18,0.0007452279203674428,58
Lin14_228f08a1,Lin14,Lin,lt1,EMG+NIRS+HRV,False,full_window,z_rest_duration_cv,Kinematics,2.9784938422790113,0.16035395708154526,2.2832293379247632,-125.59379549643528,-140.89973644907394,229.44444444444446,18,0.0015712954057737164,53
Lin14_228f08a1,Lin14,Lin,lt1,EMG+NIRS+HRV,False,full_window,z_rest_duration_ms,Kinematics,7.648349065512281,1.0921724505513586,1.6339533333935499,-125.59379549643528,-140.89973644907394,229.44444444444446,18,0.004034863385582038,45
Lin14_228f08a1,Lin14,Lin,lt1,EMG+NIRS+HRV,False,full_window,z_rest_sampen_30s,Kinematics,1.750046473616359,-0.13275914662787325,0.23447116439536544,-125.59379549643528,-140.89973644907394,229.44444444444446,18,0.0009232317169337583,55
Lin14_228f08a1,Lin14,Lin,lt1,EMG+NIRS+HRV,False,full_window,z_rest_trend_cv_ratio_30s,Kinematics,0.37249145488685015,-0.04901189620415292,0.2035674664049368,-125.59379549643528,-140.89973644907394,229.44444444444446,18,0.0001965067388911686,65
Lin14_228f08a1,Lin14,Lin,lt1,EMG+NIRS+HRV,False,full_window,z_vl_dist_full_window_e_d2,EMG,21.427175341453307,-6.171294067394184,19.965835273226524,-125.59379549643528,-140.89973644907394,229.44444444444446,18,0.011303841456651078,32
Lin14_228f08a1,Lin14,Lin,lt1,EMG+NIRS+HRV,False,full_window,z_vl_dist_full_window_e_d3,EMG,12.799583101454129,-0.7224287007738938,19.467094032371485,-125.59379549643528,-140.89973644907394,229.44444444444446,18,0.00675238130012215,38
Lin14_228f08a1,Lin14,Lin,lt1,EMG+NIRS+HRV,False,full_window,z_vl_dist_full_window_e_d4,EMG,41.022349603802056,-5.090943813233642,21.78572574252827,-125.59379549643528,-140.89973644907394,229.44444444444446,18,0.021641216292452307,16
Lin14_228f08a1,Lin14,Lin,lt1,EMG+NIRS+HRV,False,full_window,z_vl_dist_full_window_e_d5,EMG,35.505284961675024,1.9264898965488864,20.577010193507856,-125.59379549643528,-140.89973644907394,229.44444444444446,18,0.01873070554958042,22
Lin14_228f08a1,Lin14,Lin,lt1,EMG+NIRS+HRV,False,full_window,z_vl_dist_full_window_mav,EMG,56.36592328084711,-7.217790313511123,14.473553469621493,-125.59379549643528,-140.89973644907394,229.44444444444446,18,0.029735672115951364,12
Lin14_228f08a1,Lin14,Lin,lt1,EMG+NIRS+HRV,False,full_window,z_vl_dist_full_window_mdf,EMG,25.57567747827025,-1.2732759439447097,-0.0549654451871098,-125.59379549643528,-140.89973644907394,229.44444444444446,18,0.013492371194699898,29
Lin14_228f08a1,Lin14,Lin,lt1,EMG+NIRS+HRV,False,full_window,z_vl_dist_full_window_mnf,EMG,4.855449782778297,0.8322592606308441,0.19185777557494432,-125.59379549643528,-140.89973644907394,229.44444444444446,18,0.0025614778276012453,51
Lin14_228f08a1,Lin14,Lin,lt1,EMG+NIRS+HRV,False,full_window,z_vl_dist_full_window_p_high,EMG,16.95292294880134,1.7177059731234858,0.07288414554771469,-125.59379549643528,-140.89973644907394,229.44444444444446,18,0.008943463157709636,34
Lin14_228f08a1,Lin14,Lin,lt1,EMG+NIRS+HRV,False,full_window,z_vl_dist_full_window_p_low,EMG,9.745680159956192,0.7796710043289328,-0.19006098179491582,-125.59379549643528,-140.89973644907394,229.44444444444446,18,0.005141304052440858,42
Lin14_228f08a1,Lin14,Lin,lt1,EMG+NIRS+HRV,False,full_window,z_vl_dist_full_window_p_mid,EMG,16.02289961397084,2.1132546930088414,-0.07353239753368039,-125.59379549643528,-140.89973644907394,229.44444444444446,18,0.008452832164105377,35
Lin14_228f08a1,Lin14,Lin,lt1,EMG+NIRS+HRV,False,full_window,z_vl_dist_full_window_ratio_low_high,EMG,27.55644070968142,2.7533513929827604,0.6358041459327717,-125.59379549643528,-140.89973644907394,229.44444444444446,18,0.014537316838455345,27
Lin14_228f08a1,Lin14,Lin,lt1,EMG+NIRS+HRV,False,full_window,z_vl_dist_full_window_ratio_mid_high,EMG,13.77543644901007,-2.2148121698198873,0.7392659256825153,-125.59379549643528,-140.89973644907394,229.44444444444446,18,0.007267189778138105,36
Lin14_228f08a1,Lin14,Lin,lt1,EMG+NIRS+HRV,False,full_window,z_vl_dist_full_window_rms,EMG,102.88138747338695,13.726954206470781,13.639770498295258,-125.59379549643528,-140.89973644907394,229.44444444444446,18,0.05427476437314562,4
Lin14_228f08a1,Lin14,Lin,lt1,EMG+NIRS+HRV,False,full_window,z_vl_dist_full_window_wavelet_entropy,EMG,41.64806940333851,-4.855289881053618,-0.18482052149929354,-125.59379549643528,-140.89973644907394,229.44444444444446,18,0.021971312877631405,15
Lin14_228f08a1,Lin14,Lin,lt1,EMG+NIRS+HRV,False,full_window,z_vl_dist_full_window_wl,EMG,36.4101776936161,-6.826791768382757,13.464594688928434,-125.59379549643528,-140.89973644907394,229.44444444444446,18,0.019208078969741364,21
Lin14_228f08a1,Lin14,Lin,lt1,EMG+NIRS+HRV,False,full_window,z_vl_dist_full_window_zcr,EMG,17.571344175429896,-4.1119986350889715,-3.4559004551645196,-125.59379549643528,-140.89973644907394,229.44444444444446,18,0.009269709402855765,33
Lin14_228f08a1,Lin14,Lin,lt1,EMG+NIRS+HRV,False,full_window,z_vl_prox_full_window_e_d2,EMG,59.36866067116431,-3.6930362886984898,18.126917196742895,-125.59379549643528,-140.89973644907394,229.44444444444446,18,0.03131975713206817,11
Lin14_228f08a1,Lin14,Lin,lt1,EMG+NIRS+HRV,False,full_window,z_vl_prox_full_window_e_d3,EMG,7.5627072165561,-1.024568348623826,19.924330616312755,-125.59379549643528,-140.89973644907394,229.44444444444446,18,0.003989683287541665,46
Lin14_228f08a1,Lin14,Lin,lt1,EMG+NIRS+HRV,False,full_window,z_vl_prox_full_window_e_d4,EMG,11.17052986753799,-1.8935193443978082,21.854792205388723,-125.59379549643528,-140.89973644907394,229.44444444444446,18,0.0058929792003499185,41
Lin14_228f08a1,Lin14,Lin,lt1,EMG+NIRS+HRV,False,full_window,z_vl_prox_full_window_e_d5,EMG,82.51626472618427,0.5478335857021909,17.13569921030211,-125.59379549643528,-140.89973644907394,229.44444444444446,18,0.043531205546039675,5
Lin14_228f08a1,Lin14,Lin,lt1,EMG+NIRS+HRV,False,full_window,z_vl_prox_full_window_mav,EMG,11.473963127825725,-0.1490244542892496,12.851220402281669,-125.59379549643528,-140.89973644907394,229.44444444444446,18,0.006053054497831227,40
Lin14_228f08a1,Lin14,Lin,lt1,EMG+NIRS+HRV,False,full_window,z_vl_prox_full_window_mdf,EMG,35.41245881777192,-1.523735521403626,0.3174788488809707,-125.59379549643528,-140.89973644907394,229.44444444444446,18,0.018681735398499284,23
Lin14_228f08a1,Lin14,Lin,lt1,EMG+NIRS+HRV,False,full_window,z_vl_prox_full_window_mnf,EMG,40.921760271565375,9.4383776052434,0.0983573597725801,-125.59379549643528,-140.89973644907394,229.44444444444446,18,0.021588150694877524,17
Lin14_228f08a1,Lin14,Lin,lt1,EMG+NIRS+HRV,False,full_window,z_vl_prox_full_window_p_high,EMG,54.26379063115014,5.465090296701049,-0.14035970928813182,-125.59379549643528,-140.89973644907394,229.44444444444446,18,0.028626698403160865,13
Lin14_228f08a1,Lin14,Lin,lt1,EMG+NIRS+HRV,False,full_window,z_vl_prox_full_window_p_low,EMG,13.503499888029587,1.5034031333047937,-0.6835251302979467,-125.59379549643528,-140.89973644907394,229.44444444444446,18,0.007123730468984862,37
Lin14_228f08a1,Lin14,Lin,lt1,EMG+NIRS+HRV,False,full_window,z_vl_prox_full_window_p_mid,EMG,36.95852793420679,11.22470684898535,0.8845148518837637,-125.59379549643528,-140.89973644907394,229.44444444444446,18,0.019497359478421482,18
Lin14_228f08a1,Lin14,Lin,lt1,EMG+NIRS+HRV,False,full_window,z_vl_prox_full_window_ratio_low_high,EMG,22.88879479941335,1.4535312017968596,0.6017770304775543,-125.59379549643528,-140.89973644907394,229.44444444444446,18,0.012074914375010648,31
Lin14_228f08a1,Lin14,Lin,lt1,EMG+NIRS+HRV,False,full_window,z_vl_prox_full_window_ratio_mid_high,EMG,24.05993646429609,-6.5149024622857725,1.6557765808630587,-125.59379549643528,-140.89973644907394,229.44444444444446,18,0.012692746613378608,30
Lin14_228f08a1,Lin14,Lin,lt1,EMG+NIRS+HRV,False,full_window,z_vl_prox_full_window_rms,EMG,73.89477202101926,-5.174856983344987,13.234787350788784,-125.59379549643528,-140.89973644907394,229.44444444444446,18,0.03898296318063935,7
Lin14_228f08a1,Lin14,Lin,lt1,EMG+NIRS+HRV,False,full_window,z_vl_prox_full_window_wavelet_entropy,EMG,36.59844724475084,-3.8828884407967346,-0.8893782259222063,-125.59379549643528,-140.89973644907394,229.44444444444446,18,0.019307400001245912,20
Lin14_228f08a1,Lin14,Lin,lt1,EMG+NIRS+HRV,False,full_window,z_vl_prox_full_window_wl,EMG,137.78900645108848,9.193556713485295,13.738414099694783,-125.59379549643528,-140.89973644907394,229.44444444444446,18,0.07269017304298289,1
Lin14_228f08a1,Lin14,Lin,lt1,EMG+NIRS+HRV,False,full_window,z_vl_prox_full_window_zcr,EMG,29.02081364051001,1.204778351270446,-3.4976862280324412,-125.59379549643528,-140.89973644907394,229.44444444444446,18,0.015309842343087497,26
Lin19_c8f03f08,Lin19,Lin,lt2,EMG+NIRS+HRV,True,full_window,feat_rr_per_watt,Interaction,106.22050961117915,22.54742574810805,4.723382834590667,291.8857157322506,271.47462735095843,202.83333333333334,18,0.21623193964217047,2
Lin19_c8f03f08,Lin19,Lin,lt2,EMG+NIRS+HRV,True,full_window,feat_smo2_x_dfa,Interaction,7.9038819470403645,1.751304508799732,75.04772841065633,291.8857157322506,271.47462735095843,202.83333333333334,18,0.016089846775988372,11
Lin19_c8f03f08,Lin19,Lin,lt2,EMG+NIRS+HRV,True,full_window,feat_smo2_x_rr,Interaction,22.954485276137806,-3.371155253202625,3.13240538232151,291.8857157322506,271.47462735095843,202.83333333333334,18,0.046728196775894015,5
Lin19_c8f03f08,Lin19,Lin,lt2,EMG+NIRS+HRV,True,full_window,hhb_from_running_min,NIRS,2.800328480481939,0.982830870871724,3.112179639116652,291.8857157322506,271.47462735095843,202.83333333333334,18,0.005700598323114181,19
Lin19_c8f03f08,Lin19,Lin,lt2,EMG+NIRS+HRV,True,full_window,hrv_dfa_alpha1,HRV,25.85826614659616,6.8914583282905255,1.1377978348715616,291.8857157322506,271.47462735095843,202.83333333333334,18,0.05263939200752523,4
Lin19_c8f03f08,Lin19,Lin,lt2,EMG+NIRS+HRV,True,full_window,hrv_mean_rr_ms,HRV,160.3520406857441,6.256240194250232,485.6409114077687,291.8857157322506,271.47462735095843,202.83333333333334,18,0.32642691049007644,1
Lin19_c8f03f08,Lin19,Lin,lt2,EMG+NIRS+HRV,True,full_window,hrv_rmssd_ms,HRV,0.698715801174076,-0.012226397169150135,7.705747751525154,291.8857157322506,271.47462735095843,202.83333333333334,18,0.00142236818011465,33
Lin19_c8f03f08,Lin19,Lin,lt2,EMG+NIRS+HRV,True,full_window,hrv_sd1_ms,HRV,0.6480203086096681,-0.02633551892466801,5.4487864892164275,291.8857157322506,271.47462735095843,202.83333333333334,18,0.0013191679156041183,34
Lin19_c8f03f08,Lin19,Lin,lt2,EMG+NIRS+HRV,True,full_window,hrv_sd1_sd2_ratio,HRV,1.9016896890121027,0.3512122176851301,0.22924944008730563,291.8857157322506,271.47462735095843,202.83333333333334,18,0.003871249079465211,23
Lin19_c8f03f08,Lin19,Lin,lt2,EMG+NIRS+HRV,True,full_window,hrv_sd2_ms,HRV,0.5359443235298361,-0.2516434285203515,25.748320764507174,291.8857157322506,271.47462735095843,202.83333333333334,18,0.0010910160480426727,39
Lin19_c8f03f08,Lin19,Lin,lt2,EMG+NIRS+HRV,True,full_window,hrv_sdnn_ms,HRV,0.8199552143494306,-0.1645835064583414,18.744245653543757,291.8857157322506,271.47462735095843,202.83333333333334,18,0.0016691739388890023,31
Lin19_c8f03f08,Lin19,Lin,lt2,EMG+NIRS+HRV,True,full_window,smo2_from_running_max,NIRS,0.4140186770667538,0.05709760180789014,7.874159963307613,291.8857157322506,271.47462735095843,202.83333333333334,18,0.0008428133316054779,42
Lin19_c8f03f08,Lin19,Lin,lt2,EMG+NIRS+HRV,True,full_window,smo2_rel_drop_pct,NIRS,1.9305912700684875,0.8364937992014894,10.180406222812081,291.8857157322506,271.47462735095843,202.83333333333334,18,0.003930083714635233,22
Lin19_c8f03f08,Lin19,Lin,lt2,EMG+NIRS+HRV,True,full_window,trainred_dhhb_dt,NIRS,0.010928629225996148,-0.002231972330780055,0.004758359759263624,291.8857157322506,271.47462735095843,202.83333333333334,18,2.224729201373134e-05,60
Lin19_c8f03f08,Lin19,Lin,lt2,EMG+NIRS+HRV,True,full_window,trainred_dsmo2_dt,NIRS,0.002025943781227285,2.5209176530727463e-05,-0.010718877996176,291.8857157322506,271.47462735095843,202.83333333333334,18,4.124191787672085e-06,62
Lin19_c8f03f08,Lin19,Lin,lt2,EMG+NIRS+HRV,True,full_window,trainred_hbdiff_mean,NIRS,38.06859176956972,-13.814759381836456,16.92617334365568,291.8857157322506,271.47462735095843,202.83333333333334,18,0.07749581947885599,3
Lin19_c8f03f08,Lin19,Lin,lt2,EMG+NIRS+HRV,True,full_window,trainred_hbdiff_slope,NIRS,0.013013557145497547,-0.0010959302614835767,-0.00610777804294689,291.8857157322506,271.47462735095843,202.83333333333334,18,2.6491557172109524e-05,59
Lin19_c8f03f08,Lin19,Lin,lt2,EMG+NIRS+HRV,True,full_window,trainred_hbdiff_std,NIRS,13.19439853320574,-0.7677789575850328,0.5094565018284649,291.8857157322506,271.47462735095843,202.83333333333334,18,0.02685969402416252,7
Lin19_c8f03f08,Lin19,Lin,lt2,EMG+NIRS+HRV,True,full_window,trainred_hhb_mean,NIRS,1.714274735083122,-1.2755949715887114,3.184087531237737,291.8857157322506,271.47462735095843,202.83333333333334,18,0.003489730489935243,24
Lin19_c8f03f08,Lin19,Lin,lt2,EMG+NIRS+HRV,True,full_window,trainred_hhb_slope,NIRS,0.0,0.0,0.004758359759263624,291.8857157322506,271.47462735095843,202.83333333333334,18,0.0,65
Lin19_c8f03f08,Lin19,Lin,lt2,EMG+NIRS+HRV,True,full_window,trainred_hhb_std,NIRS,13.36674982399649,-0.26308179350808847,0.5184959147702292,291.8857157322506,271.47462735095843,202.83333333333334,18,0.02721054767798074,6
Lin19_c8f03f08,Lin19,Lin,lt2,EMG+NIRS+HRV,True,full_window,trainred_smo2_drop,NIRS,0.9980151975821846,0.25425499386672384,7.08302129221172,291.8857157322506,271.47462735095843,202.83333333333334,18,0.002031648716010751,27
Lin19_c8f03f08,Lin19,Lin,lt2,EMG+NIRS+HRV,True,full_window,trainred_smo2_mean,NIRS,7.2398963870948165,0.9760852113232205,63.82740909679165,291.8857157322506,271.47462735095843,202.83333333333334,18,0.01473817857135468,13
Lin19_c8f03f08,Lin19,Lin,lt2,EMG+NIRS+HRV,True,full_window,trainred_smo2_slope,NIRS,0.0,0.0,-0.010718877996176,291.8857157322506,271.47462735095843,202.83333333333334,18,0.0,65
Lin19_c8f03f08,Lin19,Lin,lt2,EMG+NIRS+HRV,True,full_window,trainred_smo2_std,NIRS,7.89105546064307,-1.1998183230944803,0.9633031931755186,291.8857157322506,271.47462735095843,202.83333333333334,18,0.01606373603670993,12
Lin19_c8f03f08,Lin19,Lin,lt2,EMG+NIRS+HRV,True,full_window,trainred_thb_mean,NIRS,10.526245410573432,1.4817284485779119,4.734481174251994,291.8857157322506,271.47462735095843,202.83333333333334,18,0.021428163643815164,10
Lin19_c8f03f08,Lin19,Lin,lt2,EMG+NIRS+HRV,True,full_window,trainred_thb_slope,NIRS,0.0,0.0,0.004010420071731422,291.8857157322506,271.47462735095843,202.83333333333334,18,0.0,65
Lin19_c8f03f08,Lin19,Lin,lt2,EMG+NIRS+HRV,True,full_window,trainred_thb_std,NIRS,3.574286945659572,0.505005462624345,1.182331815984858,291.8857157322506,271.47462735095843,202.83333333333334,18,0.007276137178467437,17
Lin19_c8f03f08,Lin19,Lin,lt2,EMG+NIRS+HRV,True,full_window,z_cadence_cv,Kinematics,0.39394766599458,-0.008112710766713509,2.057738969288006,291.8857157322506,271.47462735095843,202.83333333333334,18,0.0008019549920004222,43
Lin19_c8f03f08,Lin19,Lin,lt2,EMG+NIRS+HRV,True,full_window,z_cadence_mean_rpm,Kinematics,0.2499614309514803,0.020149032194391167,0.004421180626114395,291.8857157322506,271.47462735095843,202.83333333333334,18,0.0005088437745988992,53
Lin19_c8f03f08,Lin19,Lin,lt2,EMG+NIRS+HRV,True,full_window,z_load_duration_cv,Kinematics,0.2716765207882544,0.006614071456334695,2.251585660407615,291.8857157322506,271.47462735095843,202.83333333333334,18,0.000553048947517929,50
Lin19_c8f03f08,Lin19,Lin,lt2,EMG+NIRS+HRV,True,full_window,z_load_duration_ms,Kinematics,0.42803740652198974,0.24945303698276192,-2.7215121990984525,291.8857157322506,271.47462735095843,202.83333333333334,18,0.0008713511071492083,40
Lin19_c8f03f08,Lin19,Lin,lt2,EMG+NIRS+HRV,True,full_window,z_load_rest_ratio,Kinematics,1.315890899448634,-0.14129277996446124,-3.897282244799516,291.8857157322506,271.47462735095843,202.83333333333334,18,0.002678744835501263,25
Lin19_c8f03f08,Lin19,Lin,lt2,EMG+NIRS+HRV,True,full_window,z_load_sampen_30s,Kinematics,0.00016254790117284015,0.00014077114886260322,0.43532404709089534,291.8857157322506,271.47462735095843,202.83333333333334,18,3.3089699987343983e-07,64
Lin19_c8f03f08,Lin19,Lin,lt2,EMG+NIRS+HRV,True,full_window,z_load_trend_cv_ratio_30s,Kinematics,0.0,0.0,0.12134201379932147,291.8857157322506,271.47462735095843,202.83333333333334,18,0.0,65
Lin19_c8f03f08,Lin19,Lin,lt2,EMG+NIRS+HRV,True,full_window,z_rest_duration_cv,Kinematics,0.024619559103672677,-0.004633014034800707,2.4847533362066563,291.8857157322506,271.47462735095843,202.83333333333334,18,5.011776951182999e-05,56
Lin19_c8f03f08,Lin19,Lin,lt2,EMG+NIRS+HRV,True,full_window,z_rest_duration_ms,Kinematics,0.9093078306706395,0.043501895735232596,1.7409393416895478,291.8857157322506,271.47462735095843,202.83333333333334,18,0.0018510680910632093,29
Lin19_c8f03f08,Lin19,Lin,lt2,EMG+NIRS+HRV,True,full_window,z_rest_sampen_30s,Kinematics,0.0,0.0,0.43437821718861913,291.8857157322506,271.47462735095843,202.83333333333334,18,0.0,65
Lin19_c8f03f08,Lin19,Lin,lt2,EMG+NIRS+HRV,True,full_window,z_rest_trend_cv_ratio_30s,Kinematics,0.0002878710541835965,-5.297815795447505e-06,0.15582222830479397,291.8857157322506,271.47462735095843,202.83333333333334,18,5.860159835497932e-07,63
Lin19_c8f03f08,Lin19,Lin,lt2,EMG+NIRS+HRV,True,full_window,z_vl_dist_full_window_e_d2,EMG,0.3909930504454499,0.1597475339361028,18.777632283841683,291.8857157322506,271.47462735095843,202.83333333333334,18,0.000795940313164631,44
Lin19_c8f03f08,Lin19,Lin,lt2,EMG+NIRS+HRV,True,full_window,z_vl_dist_full_window_e_d3,EMG,0.046200096033488396,0.0292990829331858,18.15371604327575,291.8857157322506,271.47462735095843,202.83333333333334,18,9.404903453715263e-05,55
Lin19_c8f03f08,Lin19,Lin,lt2,EMG+NIRS+HRV,True,full_window,z_vl_dist_full_window_e_d4,EMG,0.8989107166715572,0.5487487668775212,20.259755235801535,291.8857157322506,271.47462735095843,202.83333333333334,18,0.0018299027988335653,30
Lin19_c8f03f08,Lin19,Lin,lt2,EMG+NIRS+HRV,True,full_window,z_vl_dist_full_window_e_d5,EMG,5.903261425177144,0.636089556487382,19.530506854764507,291.8857157322506,271.47462735095843,202.83333333333334,18,0.012017205272817813,15
Lin19_c8f03f08,Lin19,Lin,lt2,EMG+NIRS+HRV,True,full_window,z_vl_dist_full_window_mav,EMG,0.37114970609643033,0.040900587346296764,13.361997548673965,291.8857157322506,271.47462735095843,202.83333333333334,18,0.0007555454322392582,45
Lin19_c8f03f08,Lin19,Lin,lt2,EMG+NIRS+HRV,True,full_window,z_vl_dist_full_window_mdf,EMG,0.02042571651576187,-0.008219268888375854,-0.016625650007901765,291.8857157322506,271.47462735095843,202.83333333333334,18,4.15804096304154e-05,57
Lin19_c8f03f08,Lin19,Lin,lt2,EMG+NIRS+HRV,True,full_window,z_vl_dist_full_window_mnf,EMG,0.7311433105372682,0.49620354379299947,0.24647862297632075,291.8857157322506,271.47462735095843,202.83333333333334,18,0.0014883805093063914,32
Lin19_c8f03f08,Lin19,Lin,lt2,EMG+NIRS+HRV,True,full_window,z_vl_dist_full_window_p_high,EMG,0.9829943554490536,-0.06735396869568808,0.08706262125271344,291.8857157322506,271.47462735095843,202.83333333333334,18,0.0020010709505547666,28
Lin19_c8f03f08,Lin19,Lin,lt2,EMG+NIRS+HRV,True,full_window,z_vl_dist_full_window_p_low,EMG,0.42171878456858936,0.1748879144566995,-0.22258502592551258,291.8857157322506,271.47462735095843,202.83333333333334,18,0.0008584883569529357,41
Lin19_c8f03f08,Lin19,Lin,lt2,EMG+NIRS+HRV,True,full_window,z_vl_dist_full_window_p_mid,EMG,0.16724369539186176,0.09372060731580045,-0.025202559671293392,291.8857157322506,271.47462735095843,202.83333333333334,18,0.00034045617724753023,54
Lin19_c8f03f08,Lin19,Lin,lt2,EMG+NIRS+HRV,True,full_window,z_vl_dist_full_window_ratio_low_high,EMG,0.019391887362136564,-0.0013960000929791813,0.5757977703487551,291.8857157322506,271.47462735095843,202.83333333333334,18,3.947585483242659e-05,58
Lin19_c8f03f08,Lin19,Lin,lt2,EMG+NIRS+HRV,True,full_window,z_vl_dist_full_window_ratio_mid_high,EMG,3.071029630777733,-0.4089857223186218,0.7533830231328654,291.8857157322506,271.47462735095843,202.83333333333334,18,0.006251661719496773,18
Lin19_c8f03f08,Lin19,Lin,lt2,EMG+NIRS+HRV,True,full_window,z_vl_dist_full_window_rms,EMG,0.581627998393294,0.23545590254804022,12.784524278868458,291.8857157322506,271.47462735095843,202.83333333333334,18,0.0011840138096036671,37
Lin19_c8f03f08,Lin19,Lin,lt2,EMG+NIRS+HRV,True,full_window,z_vl_dist_full_window_wavelet_entropy,EMG,13.069839655956844,-4.85519282260025,-0.11708513313995247,291.8857157322506,271.47462735095843,202.83333333333334,18,0.02660613086836737,8
Lin19_c8f03f08,Lin19,Lin,lt2,EMG+NIRS+HRV,True,full_window,z_vl_dist_full_window_wl,EMG,0.2918622028669126,0.24254569408664073,12.470470551240853,291.8857157322506,271.47462735095843,202.83333333333334,18,0.0005941407216474809,49
Lin19_c8f03f08,Lin19,Lin,lt2,EMG+NIRS+HRV,True,full_window,z_vl_dist_full_window_zcr,EMG,11.07378010438212,-1.5573120392885207,-3.3775718307503575,291.8857157322506,271.47462735095843,202.83333333333334,18,0.022542774082957455,9
Lin19_c8f03f08,Lin19,Lin,lt2,EMG+NIRS+HRV,True,full_window,z_vl_prox_full_window_e_d2,EMG,4.471257517791966,-0.28068496080039856,18.066503210728385,291.8857157322506,271.47462735095843,202.83333333333334,18,0.00910209044610006,16
Lin19_c8f03f08,Lin19,Lin,lt2,EMG+NIRS+HRV,True,full_window,z_vl_prox_full_window_e_d3,EMG,0.3697248515792912,-0.010838979956671957,19.510585297639654,291.8857157322506,271.47462735095843,202.83333333333334,18,0.0007526448713487418,46
Lin19_c8f03f08,Lin19,Lin,lt2,EMG+NIRS+HRV,True,full_window,z_vl_prox_full_window_e_d4,EMG,0.009896827211546907,-0.006199700883879541,21.583703278715987,291.8857157322506,271.47462735095843,202.83333333333334,18,2.0146863840982517e-05,61
Lin19_c8f03f08,Lin19,Lin,lt2,EMG+NIRS+HRV,True,full_window,z_vl_prox_full_window_e_d5,EMG,1.1441883268249735,0.08348733572592199,16.47988662413943,291.8857157322506,271.47462735095843,202.83333333333334,18,0.002329211770221587,26
Lin19_c8f03f08,Lin19,Lin,lt2,EMG+NIRS+HRV,True,full_window,z_vl_prox_full_window_mav,EMG,0.35290996953491527,0.1316505169303761,12.843825900307383,291.8857157322506,271.47462735095843,202.83333333333334,18,0.0007184149982986218,47
Lin19_c8f03f08,Lin19,Lin,lt2,EMG+NIRS+HRV,True,full_window,z_vl_prox_full_window_mdf,EMG,0.6103617137120865,0.09550720753921975,0.35118370936798293,291.8857157322506,271.47462735095843,202.83333333333334,18,0.0012425067223118787,35
Lin19_c8f03f08,Lin19,Lin,lt2,EMG+NIRS+HRV,True,full_window,z_vl_prox_full_window_mnf,EMG,0.265178677842867,-0.07870696748761663,0.1603342972433604,291.8857157322506,271.47462735095843,202.83333333333334,18,0.0005398213590916028,52
Lin19_c8f03f08,Lin19,Lin,lt2,EMG+NIRS+HRV,True,full_window,z_vl_prox_full_window_p_high,EMG,0.0,0.0,-0.09403168112999162,291.8857157322506,271.47462735095843,202.83333333333334,18,0.0,65
Lin19_c8f03f08,Lin19,Lin,lt2,EMG+NIRS+HRV,True,full_window,z_vl_prox_full_window_p_low,EMG,2.3308064312463523,0.7629130442556371,-0.7592342338609179,291.8857157322506,271.47462735095843,202.83333333333334,18,0.004744797378620383,21
Lin19_c8f03f08,Lin19,Lin,lt2,EMG+NIRS+HRV,True,full_window,z_vl_prox_full_window_p_mid,EMG,6.3053764023980925,1.4734570184358702,0.9359180752919176,291.8857157322506,271.47462735095843,202.83333333333334,18,0.012835786371721728,14
Lin19_c8f03f08,Lin19,Lin,lt2,EMG+NIRS+HRV,True,full_window,z_vl_prox_full_window_ratio_low_high,EMG,0.0,0.0,0.5245230129425651,291.8857157322506,271.47462735095843,202.83333333333334,18,0.0,65
Lin19_c8f03f08,Lin19,Lin,lt2,EMG+NIRS+HRV,True,full_window,z_vl_prox_full_window_ratio_mid_high,EMG,0.5782912531071317,-0.050317135137325046,1.593182536368622,291.8857157322506,271.47462735095843,202.83333333333334,18,0.0011772212334057197,38
Lin19_c8f03f08,Lin19,Lin,lt2,EMG+NIRS+HRV,True,full_window,z_vl_prox_full_window_rms,EMG,0.3312249348099752,0.10505665166362489,13.16557705190892,291.8857157322506,271.47462735095843,202.83333333333334,18,0.0006742710082448581,48
Lin19_c8f03f08,Lin19,Lin,lt2,EMG+NIRS+HRV,True,full_window,z_vl_prox_full_window_wavelet_entropy,EMG,0.5829926970622227,0.12130535371013046,-0.8733619953653605,291.8857157322506,271.47462735095843,202.83333333333334,18,0.001186791911886265,36
Lin19_c8f03f08,Lin19,Lin,lt2,EMG+NIRS+HRV,True,full_window,z_vl_prox_full_window_wl,EMG,0.2716407350210077,0.13221574426744978,13.733711728359657,291.8857157322506,271.47462735095843,202.83333333333334,18,0.0005529760988195782,51
Lin19_c8f03f08,Lin19,Lin,lt2,EMG+NIRS+HRV,True,full_window,z_vl_prox_full_window_zcr,EMG,2.336889758613639,0.2664317200944439,-3.265375456705251,291.8857157322506,271.47462735095843,202.83333333333334,18,0.004757181142179056,20
Lin2_cf259fa7,Lin2,Lin,lt1,EMG+NIRS+HRV,False,full_window,feat_rr_per_watt,Interaction,95.8168138311108,5.255375769196694,,-119.75420468313612,-146.83604774946295,229.44444444444446,18,0.03773979494903226,8
Lin2_cf259fa7,Lin2,Lin,lt1,EMG+NIRS+HRV,False,full_window,feat_smo2_x_dfa,Interaction,64.08238515685383,4.966549379467467,,-119.75420468313612,-146.83604774946295,229.44444444444446,18,0.025240414275592645,15
Lin2_cf259fa7,Lin2,Lin,lt1,EMG+NIRS+HRV,False,full_window,hhb_from_running_min,NIRS,102.5710549643936,15.154966099503831,4.190271864821134,-119.75420468313612,-146.83604774946295,229.44444444444446,18,0.04040011796765936,5
Lin2_cf259fa7,Lin2,Lin,lt1,EMG+NIRS+HRV,False,full_window,hrv_dfa_alpha1,HRV,79.68310123836116,-1.080668291464915,,-119.75420468313612,-146.83604774946295,229.44444444444446,18,0.031385137758174045,11
Lin2_cf259fa7,Lin2,Lin,lt1,EMG+NIRS+HRV,False,full_window,hrv_rmssd_ms,HRV,10.484047757389279,2.6763477812019496,,-119.75420468313612,-146.83604774946295,229.44444444444446,18,0.004129398555217497,43
Lin2_cf259fa7,Lin2,Lin,lt1,EMG+NIRS+HRV,False,full_window,hrv_sd1_ms,HRV,10.484047757395844,2.6763477811928498,,-119.75420468313612,-146.83604774946295,229.44444444444446,18,0.004129398555220084,42
Lin2_cf259fa7,Lin2,Lin,lt1,EMG+NIRS+HRV,False,full_window,hrv_sd1_sd2_ratio,HRV,1.7481492932887344,-0.32170793822377836,,-119.75420468313612,-146.83604774946295,229.44444444444446,18,0.0006885513432465138,58
Lin2_cf259fa7,Lin2,Lin,lt1,EMG+NIRS+HRV,False,full_window,hrv_sd2_ms,HRV,20.444819473581997,-2.159717271772273,,-119.75420468313612,-146.83604774946295,229.44444444444446,18,0.008052692046961392,37
Lin2_cf259fa7,Lin2,Lin,lt1,EMG+NIRS+HRV,False,full_window,hrv_sdnn_ms,HRV,3.0195525971428934,1.3500186227941717,,-119.75420468313612,-146.83604774946295,229.44444444444446,18,0.0011893246216144765,55
Lin2_cf259fa7,Lin2,Lin,lt1,EMG+NIRS+HRV,False,full_window,smo2_from_running_max,NIRS,35.55072956908934,0.7689820466214776,10.123444243664355,-119.75420468313612,-146.83604774946295,229.44444444444446,18,0.014002524093431083,22
Lin2_cf259fa7,Lin2,Lin,lt1,EMG+NIRS+HRV,False,full_window,smo2_rel_drop_pct,NIRS,96.69071493104515,-9.421922891872441,12.506440788451192,-119.75420468313612,-146.83604774946295,229.44444444444446,18,0.03808400226504038,7
Lin2_cf259fa7,Lin2,Lin,lt1,EMG+NIRS+HRV,False,full_window,trainred_dhhb_dt,NIRS,1.2044481906909144,-0.11170648977527205,0.005713023709050787,-119.75420468313612,-146.83604774946295,229.44444444444446,18,0.0004744013699258387,61
Lin2_cf259fa7,Lin2,Lin,lt1,EMG+NIRS+HRV,False,full_window,trainred_dsmo2_dt,NIRS,0.6025951732202296,-0.049410928691851645,-0.012105310242511484,-119.75420468313612,-146.83604774946295,229.44444444444446,18,0.0002373468430571419,64
Lin2_cf259fa7,Lin2,Lin,lt1,EMG+NIRS+HRV,False,full_window,trainred_hbdiff_slope,NIRS,2.785684771168876,0.25531210318793224,-0.007925514642334318,-119.75420468313612,-146.83604774946295,229.44444444444446,18,0.0010972100600408418,56
Lin2_cf259fa7,Lin2,Lin,lt1,EMG+NIRS+HRV,False,full_window,trainred_hbdiff_std,NIRS,34.15291431579156,-6.287349475879308,0.5641982353265583,-119.75420468313612,-146.83604774946295,229.44444444444446,18,0.013451960377869929,25
Lin2_cf259fa7,Lin2,Lin,lt1,EMG+NIRS+HRV,False,full_window,trainred_hhb_slope,NIRS,1.2044481906935876,-0.1117064897763802,0.005713023709050787,-119.75420468313612,-146.83604774946295,229.44444444444446,18,0.0004744013699268916,60
Lin2_cf259fa7,Lin2,Lin,lt1,EMG+NIRS+HRV,False,full_window,trainred_hhb_std,NIRS,69.7031391063386,-7.15336566836501,0.5666005023984879,-119.75420468313612,-146.83604774946295,229.44444444444446,18,0.027454285651929762,12
Lin2_cf259fa7,Lin2,Lin,lt1,EMG+NIRS+HRV,False,full_window,trainred_smo2_drop,NIRS,125.13139845328432,19.973255580521155,8.64680325850851,-119.75420468313612,-146.83604774946295,229.44444444444446,18,0.049286060874832324,4
Lin2_cf259fa7,Lin2,Lin,lt1,EMG+NIRS+HRV,False,full_window,trainred_smo2_slope,NIRS,0.6025951732203882,-0.049410928691853775,-0.012105310242511484,-119.75420468313612,-146.83604774946295,229.44444444444446,18,0.0002373468430572044,63
Lin2_cf259fa7,Lin2,Lin,lt1,EMG+NIRS+HRV,False,full_window,trainred_smo2_std,NIRS,3.445657638697167,0.4146338670082519,1.08433392381768,-119.75420468313612,-146.83604774946295,229.44444444444446,18,0.0013571565109460522,52
Lin2_cf259fa7,Lin2,Lin,lt1,EMG+NIRS+HRV,False,full_window,trainred_thb_slope,NIRS,3.140854460002996,0.03304242854222048,0.0035127119345076813,-119.75420468313612,-146.83604774946295,229.44444444444446,18,0.0012371023262597704,53
Lin2_cf259fa7,Lin2,Lin,lt1,EMG+NIRS+HRV,False,full_window,trainred_thb_std,NIRS,27.52246344585788,-3.6575742638013318,1.2701112477474763,-119.75420468313612,-146.83604774946295,229.44444444444446,18,0.01084039518126472,30
Lin2_cf259fa7,Lin2,Lin,lt1,EMG+NIRS+HRV,False,full_window,z_cadence_cv,Kinematics,7.814670639277499,0.8316611765330718,1.8270632116678018,-119.75420468313612,-146.83604774946295,229.44444444444446,18,0.0030779991081773647,47
Lin2_cf259fa7,Lin2,Lin,lt1,EMG+NIRS+HRV,False,full_window,z_cadence_mean_rpm,Kinematics,31.657665141359487,6.424437685428853,0.1324329703336754,-119.75420468313612,-146.83604774946295,229.44444444444446,18,0.012469145479059003,27
Lin2_cf259fa7,Lin2,Lin,lt1,EMG+NIRS+HRV,False,full_window,z_load_duration_cv,Kinematics,5.335689552202516,-1.3451122047405115,2.358298342749789,-119.75420468313612,-146.83604774946295,229.44444444444446,18,0.002101591793343837,49
Lin2_cf259fa7,Lin2,Lin,lt1,EMG+NIRS+HRV,False,full_window,z_load_duration_ms,Kinematics,3.9391668744511117,-0.6718042561012346,-2.491548704041806,-119.75420468313612,-146.83604774946295,229.44444444444446,18,0.0015515371902664508,51
Lin2_cf259fa7,Lin2,Lin,lt1,EMG+NIRS+HRV,False,full_window,z_load_rest_ratio,Kinematics,4.542624195186973,-1.498067752385508,-3.894094922060731,-119.75420468313612,-146.83604774946295,229.44444444444446,18,0.0017892236112030358,50
Lin2_cf259fa7,Lin2,Lin,lt1,EMG+NIRS+HRV,False,full_window,z_load_sampen_30s,Kinematics,1.2332751437396732,0.10848725464000694,0.7468866214924443,-119.75420468313612,-146.83604774946295,229.44444444444446,18,0.00048575557023334566,59
Lin2_cf259fa7,Lin2,Lin,lt1,EMG+NIRS+HRV,False,full_window,z_load_trend_cv_ratio_30s,Kinematics,1.1561030461471553,-0.08196247656620569,0.15515254663928074,-119.75420468313612,-146.83604774946295,229.44444444444446,18,0.0004553594526577612,62
Lin2_cf259fa7,Lin2,Lin,lt1,EMG+NIRS+HRV,False,full_window,z_rest_duration_cv,Kinematics,2.336804232857257,0.17430830507442582,2.2832293379247632,-119.75420468313612,-146.83604774946295,229.44444444444446,18,0.0009204074844265892,57
Lin2_cf259fa7,Lin2,Lin,lt1,EMG+NIRS+HRV,False,full_window,z_rest_duration_ms,Kinematics,5.68804448802763,0.9333982069271313,1.6339533333935499,-119.75420468313612,-146.83604774946295,229.44444444444446,18,0.0022403754002665037,48
Lin2_cf259fa7,Lin2,Lin,lt1,EMG+NIRS+HRV,False,full_window,z_rest_sampen_30s,Kinematics,3.062943289176273,-0.09414259550520006,0.23447116439536544,-119.75420468313612,-146.83604774946295,229.44444444444446,18,0.001206415106619778,54
Lin2_cf259fa7,Lin2,Lin,lt1,EMG+NIRS+HRV,False,full_window,z_rest_trend_cv_ratio_30s,Kinematics,0.3137275668759184,-0.03872696047096719,0.2035674664049368,-119.75420468313612,-146.83604774946295,229.44444444444446,18,0.00012356927318231934,65
Lin2_cf259fa7,Lin2,Lin,lt1,EMG+NIRS+HRV,False,full_window,z_vl_dist_full_window_e_d2,EMG,29.10145810981283,-7.276028609626298,19.965835273226524,-119.75420468313612,-146.83604774946295,229.44444444444446,18,0.011462320837739922,29
Lin2_cf259fa7,Lin2,Lin,lt1,EMG+NIRS+HRV,False,full_window,z_vl_dist_full_window_e_d3,EMG,26.349552897338498,-2.6050918963717016,19.467094032371485,-119.75420468313612,-146.83604774946295,229.44444444444446,18,0.010378415682836584,33
Lin2_cf259fa7,Lin2,Lin,lt1,EMG+NIRS+HRV,False,full_window,z_vl_dist_full_window_e_d4,EMG,65.57842406993962,-13.235319480592436,21.78572574252827,-119.75420468313612,-146.83604774946295,229.44444444444446,18,0.025829665781232865,14
Lin2_cf259fa7,Lin2,Lin,lt1,EMG+NIRS+HRV,False,full_window,z_vl_dist_full_window_e_d5,EMG,60.59137450576116,12.34887762416267,20.577010193507856,-119.75420468313612,-146.83604774946295,229.44444444444446,18,0.023865394371785878,17
Lin2_cf259fa7,Lin2,Lin,lt1,EMG+NIRS+HRV,False,full_window,z_vl_dist_full_window_mav,EMG,142.60920205785177,-26.48850869375586,14.473553469621493,-119.75420468313612,-146.83604774946295,229.44444444444446,18,0.056170121175130726,3
Lin2_cf259fa7,Lin2,Lin,lt1,EMG+NIRS+HRV,False,full_window,z_vl_dist_full_window_mdf,EMG,20.619317199016805,-1.1961173933259892,-0.0549654451871098,-119.75420468313612,-146.83604774946295,229.44444444444446,18,0.008121422242776398,36
Lin2_cf259fa7,Lin2,Lin,lt1,EMG+NIRS+HRV,False,full_window,z_vl_dist_full_window_mnf,EMG,12.622762395946529,0.5337242735185529,0.19185777557494432,-119.75420468313612,-146.83604774946295,229.44444444444446,18,0.0049717836094305716,39
Lin2_cf259fa7,Lin2,Lin,lt1,EMG+NIRS+HRV,False,full_window,z_vl_dist_full_window_p_high,EMG,20.959364529542924,2.2560302503378025,0.07288414554771469,-119.75420468313612,-146.83604774946295,229.44444444444446,18,0.008255358198418189,35
Lin2_cf259fa7,Lin2,Lin,lt1,EMG+NIRS+HRV,False,full_window,z_vl_dist_full_window_p_low,EMG,10.486082308544509,1.0524845588708918,-0.19006098179491582,-119.75420468313612,-146.83604774946295,229.44444444444446,18,0.0041301999129368955,41
Lin2_cf259fa7,Lin2,Lin,lt1,EMG+NIRS+HRV,False,full_window,z_vl_dist_full_window_p_mid,EMG,9.38635051636296,0.7166566365826212,-0.07353239753368039,-119.75420468313612,-146.83604774946295,229.44444444444446,18,0.0036970436569898047,44
Lin2_cf259fa7,Lin2,Lin,lt1,EMG+NIRS+HRV,False,full_window,z_vl_dist_full_window_ratio_low_high,EMG,23.50999661426004,3.5689808763646504,0.6358041459327717,-119.75420468313612,-146.83604774946295,229.44444444444446,18,0.009259987010615155,34
Lin2_cf259fa7,Lin2,Lin,lt1,EMG+NIRS+HRV,False,full_window,z_vl_dist_full_window_ratio_mid_high,EMG,10.631843385848034,-1.8122233438230277,0.7392659256825153,-119.75420468313612,-146.83604774946295,229.44444444444446,18,0.004187611477244193,40
Lin2_cf259fa7,Lin2,Lin,lt1,EMG+NIRS+HRV,False,full_window,z_vl_dist_full_window_rms,EMG,181.45492208564917,30.05802252903013,13.639770498295258,-119.75420468313612,-146.83604774946295,229.44444444444446,18,0.07147045782669849,2
Lin2_cf259fa7,Lin2,Lin,lt1,EMG+NIRS+HRV,False,full_window,z_vl_dist_full_window_wavelet_entropy,EMG,30.819308257441232,-4.2018884790897,-0.18482052149929354,-119.75420468313612,-146.83604774946295,229.44444444444446,18,0.012138938121622207,28
Lin2_cf259fa7,Lin2,Lin,lt1,EMG+NIRS+HRV,False,full_window,z_vl_dist_full_window_wl,EMG,59.4268919480438,-11.816861175214205,13.464594688928434,-119.75420468313612,-146.83604774946295,229.44444444444446,18,0.023406734443608343,18
Lin2_cf259fa7,Lin2,Lin,lt1,EMG+NIRS+HRV,False,full_window,z_vl_dist_full_window_zcr,EMG,7.896622935657305,-2.803054983974556,-3.4559004551645196,-119.75420468313612,-146.83604774946295,229.44444444444446,18,0.0031102780239261997,46
Lin2_cf259fa7,Lin2,Lin,lt1,EMG+NIRS+HRV,False,full_window,z_vl_prox_full_window_e_d2,EMG,102.15175688602909,-7.353702152591948,18.126917196742895,-119.75420468313612,-146.83604774946295,229.44444444444446,18,0.04023496716721747,6
Lin2_cf259fa7,Lin2,Lin,lt1,EMG+NIRS+HRV,False,full_window,z_vl_prox_full_window_e_d3,EMG,8.6963589748985,-1.4737388596465146,19.924330616312755,-119.75420468313612,-146.83604774946295,229.44444444444446,18,0.0034252736173667545,45
Lin2_cf259fa7,Lin2,Lin,lt1,EMG+NIRS+HRV,False,full_window,z_vl_prox_full_window_e_d4,EMG,16.594353118901743,-1.4032986947430752,21.854792205388723,-119.75420468313612,-146.83604774946295,229.44444444444446,18,0.006536091725227485,38
Lin2_cf259fa7,Lin2,Lin,lt1,EMG+NIRS+HRV,False,full_window,z_vl_prox_full_window_e_d5,EMG,92.77647941140833,4.634113455274412,17.13569921030211,-119.75420468313612,-146.83604774946295,229.44444444444446,18,0.036542284898465324,10
Lin2_cf259fa7,Lin2,Lin,lt1,EMG+NIRS+HRV,False,full_window,z_vl_prox_full_window_mav,EMG,41.315102444348874,-4.421311254867498,12.851220402281669,-119.75420468313612,-146.83604774946295,229.44444444444446,18,0.01627296329531804,20
Lin2_cf259fa7,Lin2,Lin,lt1,EMG+NIRS+HRV,False,full_window,z_vl_prox_full_window_mdf,EMG,34.667676327677825,-3.1945419506714305,0.3174788488809707,-119.75420468313612,-146.83604774946295,229.44444444444446,18,0.01365471198272272,23
Lin2_cf259fa7,Lin2,Lin,lt1,EMG+NIRS+HRV,False,full_window,z_vl_prox_full_window_mnf,EMG,61.21129720128246,12.371350138714948,0.0983573597725801,-119.75420468313612,-146.83604774946295,229.44444444444446,18,0.0241095660831774,16
Lin2_cf259fa7,Lin2,Lin,lt1,EMG+NIRS+HRV,False,full_window,z_vl_prox_full_window_p_high,EMG,67.21942557360914,5.145105838141969,-0.14035970928813182,-119.75420468313612,-146.83604774946295,229.44444444444446,18,0.026476014347661957,13
Lin2_cf259fa7,Lin2,Lin,lt1,EMG+NIRS+HRV,False,full_window,z_vl_prox_full_window_p_low,EMG,27.05409866606212,-0.05647369567574639,-0.6835251302979467,-119.75420468313612,-146.83604774946295,229.44444444444446,18,0.010655918260731787,32
Lin2_cf259fa7,Lin2,Lin,lt1,EMG+NIRS+HRV,False,full_window,z_vl_prox_full_window_p_mid,EMG,50.968966685424036,17.69232923118734,0.8845148518837637,-119.75420468313612,-146.83604774946295,229.44444444444446,18,0.020075373773777046,19
Lin2_cf259fa7,Lin2,Lin,lt1,EMG+NIRS+HRV,False,full_window,z_vl_prox_full_window_ratio_low_high,EMG,27.475805514717706,0.8580763447834023,0.6017770304775543,-119.75420468313612,-146.83604774946295,229.44444444444446,18,0.010822017814249782,31
Lin2_cf259fa7,Lin2,Lin,lt1,EMG+NIRS+HRV,False,full_window,z_vl_prox_full_window_ratio_mid_high,EMG,40.22440558216445,-8.325009953535442,1.6557765808630587,-119.75420468313612,-146.83604774946295,229.44444444444446,18,0.015843365667463836,21
Lin2_cf259fa7,Lin2,Lin,lt1,EMG+NIRS+HRV,False,full_window,z_vl_prox_full_window_rms,EMG,95.17153986948111,-12.018760915767903,13.234787350788784,-119.75420468313612,-146.83604774946295,229.44444444444446,18,0.03748563802161889,9
Lin2_cf259fa7,Lin2,Lin,lt1,EMG+NIRS+HRV,False,full_window,z_vl_prox_full_window_wavelet_entropy,EMG,34.62840391463848,-3.7745785295809404,-0.8893782259222063,-119.75420468313612,-146.83604774946295,229.44444444444446,18,0.013639243582595464,24
Lin2_cf259fa7,Lin2,Lin,lt1,EMG+NIRS+HRV,False,full_window,z_vl_prox_full_window_wl,EMG,237.14553366550288,22.82516585441844,13.738414099694783,-119.75420468313612,-146.83604774946295,229.44444444444446,18,0.09340556689131926,1
Lin2_cf259fa7,Lin2,Lin,lt1,EMG+NIRS+HRV,False,full_window,z_vl_prox_full_window_zcr,EMG,32.38307829912478,-1.3853316859641152,-3.4976862280324412,-119.75420468313612,-146.83604774946295,229.44444444444446,18,0.012754867188357827,26
Lin9_d65d8bae,Lin9,Lin,lt1,EMG+NIRS+HRV,False,full_window,feat_rr_per_watt,Interaction,103.65225782946727,-0.12423505105311634,,-124.66821421949291,-134.32412303855634,229.44444444444446,18,0.04959627783347261,4
Lin9_d65d8bae,Lin9,Lin,lt1,EMG+NIRS+HRV,False,full_window,feat_smo2_x_dfa,Interaction,51.49827202889412,3.0042632845320756,,-124.66821421949291,-134.32412303855634,229.44444444444446,18,0.024641263595925965,14
Lin9_d65d8bae,Lin9,Lin,lt1,EMG+NIRS+HRV,False,full_window,hhb_from_running_min,NIRS,87.09834527627157,12.807065682410796,4.190271864821134,-124.66821421949291,-134.32412303855634,229.44444444444446,18,0.041675442692861726,5
Lin9_d65d8bae,Lin9,Lin,lt1,EMG+NIRS+HRV,False,full_window,hrv_dfa_alpha1,HRV,71.10966373435603,1.7771819110848126,,-124.66821421949291,-134.32412303855634,229.44444444444446,18,0.034025063351888776,9
Lin9_d65d8bae,Lin9,Lin,lt1,EMG+NIRS+HRV,False,full_window,hrv_rmssd_ms,HRV,10.670642752751299,2.901712119916053,,-124.66821421949291,-134.32412303855634,229.44444444444446,18,0.005105765891736624,44
Lin9_d65d8bae,Lin9,Lin,lt1,EMG+NIRS+HRV,False,full_window,hrv_sd1_ms,HRV,10.670702250158568,2.9016641638084377,,-124.66821421949291,-134.32412303855634,229.44444444444446,18,0.005105794360483982,43
Lin9_d65d8bae,Lin9,Lin,lt1,EMG+NIRS+HRV,False,full_window,hrv_sd1_sd2_ratio,HRV,1.9409042463860484,-0.3546963474847236,,-124.66821421949291,-134.32412303855634,229.44444444444446,18,0.0009286978235467152,58
Lin9_d65d8bae,Lin9,Lin,lt1,EMG+NIRS+HRV,False,full_window,hrv_sd2_ms,HRV,13.576663049410445,-1.3746939932120008,,-124.66821421949291,-134.32412303855634,229.44444444444446,18,0.006496259384506865,40
Lin9_d65d8bae,Lin9,Lin,lt1,EMG+NIRS+HRV,False,full_window,hrv_sdnn_ms,HRV,5.482219419816076,-0.010019380174448854,,-124.66821421949291,-134.32412303855634,229.44444444444446,18,0.0026231717782413747,51
Lin9_d65d8bae,Lin9,Lin,lt1,EMG+NIRS+HRV,False,full_window,smo2_from_running_max,NIRS,31.11063781226589,1.0056169675764546,10.123444243664355,-124.66821421949291,-134.32412303855634,229.44444444444446,18,0.014886041740183169,26
Lin9_d65d8bae,Lin9,Lin,lt1,EMG+NIRS+HRV,False,full_window,smo2_rel_drop_pct,NIRS,72.71948199387595,-11.670491854925391,12.506440788451192,-124.66821421949291,-134.32412303855634,229.44444444444446,18,0.034795340771140985,8
Lin9_d65d8bae,Lin9,Lin,lt1,EMG+NIRS+HRV,False,full_window,trainred_dhhb_dt,NIRS,1.4745144392548224,-0.15825184909584944,0.005713023709050787,-124.66821421949291,-134.32412303855634,229.44444444444446,18,0.0007055362741742324,61
Lin9_d65d8bae,Lin9,Lin,lt1,EMG+NIRS+HRV,False,full_window,trainred_dsmo2_dt,NIRS,0.7979446710598233,-0.00299229238871442,-0.012105310242511484,-124.66821421949291,-134.32412303855634,229.44444444444446,18,0.00038180630533617875,63
Lin9_d65d8bae,Lin9,Lin,lt1,EMG+NIRS+HRV,False,full_window,trainred_hbdiff_slope,NIRS,2.392432653628278,0.06825545528050082,-0.007925514642334318,-124.66821421949291,-134.32412303855634,229.44444444444446,18,0.0011447483834113607,55
Lin9_d65d8bae,Lin9,Lin,lt1,EMG+NIRS+HRV,False,full_window,trainred_hbdiff_std,NIRS,36.92631535551117,-7.273266091365735,0.5641982353265583,-124.66821421949291,-134.32412303855634,229.44444444444446,18,0.01766876895968307,22
Lin9_d65d8bae,Lin9,Lin,lt1,EMG+NIRS+HRV,False,full_window,trainred_hhb_slope,NIRS,1.47461857287488,-0.15824508425111372,0.005713023709050787,-124.66821421949291,-134.32412303855634,229.44444444444446,18,0.0007055861007777269,60
Lin9_d65d8bae,Lin9,Lin,lt1,EMG+NIRS+HRV,False,full_window,trainred_hhb_std,NIRS,69.8223101163556,-12.534318109991748,0.5666005023984879,-124.66821421949291,-134.32412303855634,229.44444444444446,18,0.03340908113360154,11
Lin9_d65d8bae,Lin9,Lin,lt1,EMG+NIRS+HRV,False,full_window,trainred_smo2_drop,NIRS,117.74120809940688,18.11219551198814,8.64680325850851,-124.66821421949291,-134.32412303855634,229.44444444444446,18,0.05633766009182659,3
Lin9_d65d8bae,Lin9,Lin,lt1,EMG+NIRS+HRV,False,full_window,trainred_smo2_slope,NIRS,0.7979418230033156,-0.002991581038815103,-0.012105310242511484,-124.66821421949291,-134.32412303855634,229.44444444444446,18,0.0003818049425776166,64
Lin9_d65d8bae,Lin9,Lin,lt1,EMG+NIRS+HRV,False,full_window,trainred_smo2_std,NIRS,3.964625344476837,0.21787431972704865,1.08433392381768,-124.66821421949291,-134.32412303855634,229.44444444444446,18,0.001897022449948024,53
Lin9_d65d8bae,Lin9,Lin,lt1,EMG+NIRS+HRV,False,full_window,trainred_thb_slope,NIRS,2.9070469628788387,0.20749979358327436,0.0035127119345076813,-124.66821421949291,-134.32412303855634,229.44444444444446,18,0.001390984739407221,54
Lin9_d65d8bae,Lin9,Lin,lt1,EMG+NIRS+HRV,False,full_window,trainred_thb_std,NIRS,33.11267296050608,-1.2422359933745912,1.2701112477474763,-124.66821421949291,-134.32412303855634,229.44444444444446,18,0.015843989917326204,24
Lin9_d65d8bae,Lin9,Lin,lt1,EMG+NIRS+HRV,False,full_window,z_cadence_cv,Kinematics,3.978842127130148,0.5887799717415498,1.8270632116678018,-124.66821421949291,-134.32412303855634,229.44444444444446,18,0.0019038249983645936,52
Lin9_d65d8bae,Lin9,Lin,lt1,EMG+NIRS+HRV,False,full_window,z_cadence_mean_rpm,Kinematics,32.73932440107899,6.160066904160238,0.1324329703336754,-124.66821421949291,-134.32412303855634,229.44444444444446,18,0.015665347413343925,25
Lin9_d65d8bae,Lin9,Lin,lt1,EMG+NIRS+HRV,False,full_window,z_load_duration_cv,Kinematics,6.387864379603163,-1.4617026376485482,2.358298342749789,-124.66821421949291,-134.32412303855634,229.44444444444446,18,0.0030565112923500114,48
Lin9_d65d8bae,Lin9,Lin,lt1,EMG+NIRS+HRV,False,full_window,z_load_duration_ms,Kinematics,5.843459899184947,0.9907779884242416,-2.491548704041806,-124.66821421949291,-134.32412303855634,229.44444444444446,18,0.0027960207209913896,50
Lin9_d65d8bae,Lin9,Lin,lt1,EMG+NIRS+HRV,False,full_window,z_load_rest_ratio,Kinematics,5.862232401554466,-2.101945908509959,-3.894094922060731,-124.66821421949291,-134.32412303855634,229.44444444444446,18,0.0028050031229442727,49
Lin9_d65d8bae,Lin9,Lin,lt1,EMG+NIRS+HRV,False,full_window,z_load_sampen_30s,Kinematics,1.5248873953836588,-0.05178489958273999,0.7468866214924443,-124.66821421949291,-134.32412303855634,229.44444444444446,18,0.0007296390885245904,59
Lin9_d65d8bae,Lin9,Lin,lt1,EMG+NIRS+HRV,False,full_window,z_load_trend_cv_ratio_30s,Kinematics,1.4427392073032168,-0.022007685442063617,0.15515254663928074,-124.66821421949291,-134.32412303855634,229.44444444444446,18,0.0006903322326502391,62
Lin9_d65d8bae,Lin9,Lin,lt1,EMG+NIRS+HRV,False,full_window,z_rest_duration_cv,Kinematics,2.221875208799105,0.24653848840398215,2.2832293379247632,-124.66821421949291,-134.32412303855634,229.44444444444446,18,0.0010631388304942217,56
Lin9_d65d8bae,Lin9,Lin,lt1,EMG+NIRS+HRV,False,full_window,z_rest_duration_ms,Kinematics,8.600972847234935,0.5747691161459713,1.6339533333935499,-124.66821421949291,-134.32412303855634,229.44444444444446,18,0.004115455349476686,46
Lin9_d65d8bae,Lin9,Lin,lt1,EMG+NIRS+HRV,False,full_window,z_rest_sampen_30s,Kinematics,2.1387512396365937,-0.18759126685778935,0.23447116439536544,-124.66821421949291,-134.32412303855634,229.44444444444446,18,0.0010233650758695262,57
Lin9_d65d8bae,Lin9,Lin,lt1,EMG+NIRS+HRV,False,full_window,z_rest_trend_cv_ratio_30s,Kinematics,0.3952675622282668,-0.04033995317319569,0.2035674664049368,-124.66821421949291,-134.32412303855634,229.44444444444446,18,0.00018913046609255225,65
Lin9_d65d8bae,Lin9,Lin,lt1,EMG+NIRS+HRV,False,full_window,z_vl_dist_full_window_e_d2,EMG,23.899330656533216,-8.445600189154852,19.965835273226524,-124.66821421949291,-134.32412303855634,229.44444444444446,18,0.011435523625790976,31
Lin9_d65d8bae,Lin9,Lin,lt1,EMG+NIRS+HRV,False,full_window,z_vl_dist_full_window_e_d3,EMG,17.178487149498135,-0.17656732689990595,19.467094032371485,-124.66821421949291,-134.32412303855634,229.44444444444446,18,0.008219686085632345,35
Lin9_d65d8bae,Lin9,Lin,lt1,EMG+NIRS+HRV,False,full_window,z_vl_dist_full_window_e_d4,EMG,48.43342246460083,-6.252373104473758,21.78572574252827,-124.66821421949291,-134.32412303855634,229.44444444444446,18,0.02317477233281646,15
Lin9_d65d8bae,Lin9,Lin,lt1,EMG+NIRS+HRV,False,full_window,z_vl_dist_full_window_e_d5,EMG,41.82587004510068,4.223459711080509,20.577010193507856,-124.66821421949291,-134.32412303855634,229.44444444444446,18,0.02001314312705497,19
Lin9_d65d8bae,Lin9,Lin,lt1,EMG+NIRS+HRV,False,full_window,z_vl_dist_full_window_mav,EMG,70.7632550916913,-8.70810987918198,14.473553469621493,-124.66821421949291,-134.32412303855634,229.44444444444446,18,0.03385931125304128,10
Lin9_d65d8bae,Lin9,Lin,lt1,EMG+NIRS+HRV,False,full_window,z_vl_dist_full_window_mdf,EMG,23.648044614876266,-3.1825059245476246,-0.0549654451871098,-124.66821421949291,-134.32412303855634,229.44444444444446,18,0.011315286473232312,32
Lin9_d65d8bae,Lin9,Lin,lt1,EMG+NIRS+HRV,False,full_window,z_vl_dist_full_window_mnf,EMG,7.043659617592424,0.9641363498676259,0.19185777557494432,-124.66821421949291,-134.32412303855634,229.44444444444446,18,0.0033703009145567473,47
Lin9_d65d8bae,Lin9,Lin,lt1,EMG+NIRS+HRV,False,full_window,z_vl_dist_full_window_p_high,EMG,18.734217654467944,2.3696994538295653,0.07288414554771469,-124.66821421949291,-134.32412303855634,229.44444444444446,18,0.00896408320706732,33
Lin9_d65d8bae,Lin9,Lin,lt1,EMG+NIRS+HRV,False,full_window,z_vl_dist_full_window_p_low,EMG,10.957111299859536,-0.33394123905077033,-0.19006098179491582,-124.66821421949291,-134.32412303855634,229.44444444444446,18,0.005242837422549841,42
Lin9_d65d8bae,Lin9,Lin,lt1,EMG+NIRS+HRV,False,full_window,z_vl_dist_full_window_p_mid,EMG,15.427449025354427,2.52874582597462,-0.07353239753368039,-124.66821421949291,-134.32412303855634,229.44444444444446,18,0.0073818367698469155,38
Lin9_d65d8bae,Lin9,Lin,lt1,EMG+NIRS+HRV,False,full_window,z_vl_dist_full_window_ratio_low_high,EMG,27.741218054821466,1.8374189629394486,0.6358041459327717,-124.66821421949291,-134.32412303855634,229.44444444444446,18,0.013273817540467785,29
Lin9_d65d8bae,Lin9,Lin,lt1,EMG+NIRS+HRV,False,full_window,z_vl_dist_full_window_ratio_mid_high,EMG,13.5767594487173,-1.6752678384944544,0.7392659256825153,-124.66821421949291,-134.32412303855634,229.44444444444446,18,0.00649630551034055,39
Lin9_d65d8bae,Lin9,Lin,lt1,EMG+NIRS+HRV,False,full_window,z_vl_dist_full_window_rms,EMG,119.31849340030128,14.788583005865771,13.639770498295258,-124.66821421949291,-134.32412303855634,229.44444444444446,18,0.05709237090704602,2
Lin9_d65d8bae,Lin9,Lin,lt1,EMG+NIRS+HRV,False,full_window,z_vl_dist_full_window_wavelet_entropy,EMG,38.09368985848148,-3.719266960610074,-0.18482052149929354,-124.66821421949291,-134.32412303855634,229.44444444444446,18,0.018227342708074377,20
Lin9_d65d8bae,Lin9,Lin,lt1,EMG+NIRS+HRV,False,full_window,z_vl_dist_full_window_wl,EMG,42.74775865939228,-8.136312485713635,13.464594688928434,-124.66821421949291,-134.32412303855634,229.44444444444446,18,0.02045425502180159,17
Lin9_d65d8bae,Lin9,Lin,lt1,EMG+NIRS+HRV,False,full_window,z_vl_dist_full_window_zcr,EMG,16.19568007197875,-3.9703832768879135,-3.4559004551645196,-124.66821421949291,-134.32412303855634,229.44444444444446,18,0.007749425486451288,36
Lin9_d65d8bae,Lin9,Lin,lt1,EMG+NIRS+HRV,False,full_window,z_vl_prox_full_window_e_d2,EMG,68.97123590620511,-6.179125174766398,18.126917196742895,-124.66821421949291,-134.32412303855634,229.44444444444446,18,0.03300185302427301,12
Lin9_d65d8bae,Lin9,Lin,lt1,EMG+NIRS+HRV,False,full_window,z_vl_prox_full_window_e_d3,EMG,9.476377543973195,-1.0221034153093504,19.924330616312755,-124.66821421949291,-134.32412303855634,229.44444444444446,18,0.004534325285022022,45
Lin9_d65d8bae,Lin9,Lin,lt1,EMG+NIRS+HRV,False,full_window,z_vl_prox_full_window_e_d4,EMG,13.252852104745871,-0.7699036148507008,21.854792205388723,-124.66821421949291,-134.32412303855634,229.44444444444446,18,0.0063413199947298885,41
Lin9_d65d8bae,Lin9,Lin,lt1,EMG+NIRS+HRV,False,full_window,z_vl_prox_full_window_e_d5,EMG,84.84490247002033,4.526789975685912,17.13569921030211,-124.66821421949291,-134.32412303855634,229.44444444444446,18,0.0405971991712922,6
Lin9_d65d8bae,Lin9,Lin,lt1,EMG+NIRS+HRV,False,full_window,z_vl_prox_full_window_mav,EMG,15.583742166400693,-1.6547933337972223,12.851220402281669,-124.66821421949291,-134.32412303855634,229.44444444444446,18,0.007456621036095606,37
Lin9_d65d8bae,Lin9,Lin,lt1,EMG+NIRS+HRV,False,full_window,z_vl_prox_full_window_mdf,EMG,35.35103488792126,-3.7078254832568387,0.3174788488809707,-124.66821421949291,-134.32412303855634,229.44444444444446,18,0.016915017431522718,23
Lin9_d65d8bae,Lin9,Lin,lt1,EMG+NIRS+HRV,False,full_window,z_vl_prox_full_window_mnf,EMG,48.24800327772631,11.7808692631871,0.0983573597725801,-124.66821421949291,-134.32412303855634,229.44444444444446,18,0.023086051626674053,16
Lin9_d65d8bae,Lin9,Lin,lt1,EMG+NIRS+HRV,False,full_window,z_vl_prox_full_window_p_high,EMG,57.720872213023604,2.3249552581854998,-0.14035970928813182,-124.66821421949291,-134.32412303855634,229.44444444444446,18,0.027618698087381554,13
Lin9_d65d8bae,Lin9,Lin,lt1,EMG+NIRS+HRV,False,full_window,z_vl_prox_full_window_p_low,EMG,18.492673562251483,1.849931511832004,-0.6835251302979467,-124.66821421949291,-134.32412303855634,229.44444444444446,18,0.008848507452544818,34
Lin9_d65d8bae,Lin9,Lin,lt1,EMG+NIRS+HRV,False,full_window,z_vl_prox_full_window_p_mid,EMG,42.71758583660208,11.44293481587401,0.8845148518837637,-124.66821421949291,-134.32412303855634,229.44444444444446,18,0.020439817712538295,18
Lin9_d65d8bae,Lin9,Lin,lt1,EMG+NIRS+HRV,False,full_window,z_vl_prox_full_window_ratio_low_high,EMG,25.354776323300186,-0.31688332822948656,0.6017770304775543,-124.66821421949291,-134.32412303855634,229.44444444444446,18,0.012131935736555216,30
Lin9_d65d8bae,Lin9,Lin,lt1,EMG+NIRS+HRV,False,full_window,z_vl_prox_full_window_ratio_mid_high,EMG,29.252488873231894,-4.557471303249014,1.6557765808630587,-124.66821421949291,-134.32412303855634,229.44444444444446,18,0.013996941271306523,28
Lin9_d65d8bae,Lin9,Lin,lt1,EMG+NIRS+HRV,False,full_window,z_vl_prox_full_window_rms,EMG,80.86454937202573,-9.067286429241957,13.234787350788784,-124.66821421949291,-134.32412303855634,229.44444444444446,18,0.0386926511927209,7
Lin9_d65d8bae,Lin9,Lin,lt1,EMG+NIRS+HRV,False,full_window,z_vl_prox_full_window_wavelet_entropy,EMG,37.285397129508084,-1.098869206712268,-0.8893782259222063,-124.66821421949291,-134.32412303855634,229.44444444444446,18,0.017840584989560464,21
Lin9_d65d8bae,Lin9,Lin,lt1,EMG+NIRS+HRV,False,full_window,z_vl_prox_full_window_wl,EMG,154.3598223907038,11.208745123690901,13.738414099694783,-124.66821421949291,-134.32412303855634,229.44444444444446,18,0.07385919803319907,1
Lin9_d65d8bae,Lin9,Lin,lt1,EMG+NIRS+HRV,False,full_window,z_vl_prox_full_window_zcr,EMG,30.481698753250285,-0.008222623734384784,-3.4976862280324412,-124.66821421949291,-134.32412303855634,229.44444444444446,18,0.014585102455651802,27
