model_id,architecture_id,family,target,feature_set,with_abs,phase_split,subject_id,modality,mean_abs_shap,mean_shap,abs_shap_share,n_windows,modality_rank_within_subject
Lin10_dc410fe4,Lin10,Lin,lt1,EMG+NIRS+HRV,False,full_window,S001,EMG,1882.3045959610279,-73.86181400354725,0.6976995175661721,242,1
Lin10_dc410fe4,Lin10,Lin,lt1,EMG+NIRS+HRV,False,full_window,S001,HRV,175.91426446249108,27.772087459084464,0.06520480145022672,242,4
Lin10_dc410fe4,Lin10,Lin,lt1,EMG+NIRS+HRV,False,full_window,S001,Interaction,181.4103057041607,-57.746848365089306,0.06724197722457524,242,3
Lin10_dc410fe4,Lin10,Lin,lt1,EMG+NIRS+HRV,False,full_window,S001,Kinematics,35.71310841972666,16.15880634525443,0.013237506070323373,242,5
Lin10_dc410fe4,Lin10,Lin,lt1,EMG+NIRS+HRV,False,full_window,S001,NIRS,422.53058987306133,78.81309734068945,0.1566161976887022,242,2
Lin10_dc410fe4,Lin10,Lin,lt1,EMG+NIRS+HRV,False,full_window,S002,EMG,1386.7801003187326,25.264888704017913,0.663389539437397,156,1
Lin10_dc410fe4,Lin10,Lin,lt1,EMG+NIRS+HRV,False,full_window,S002,HRV,111.9394067147974,17.472139544718456,0.05354809421360848,156,4
Lin10_dc410fe4,Lin10,Lin,lt1,EMG+NIRS+HRV,False,full_window,S002,Interaction,151.5204096844402,-14.863001229542695,0.07248233138968753,156,3
Lin10_dc410fe4,Lin10,Lin,lt1,EMG+NIRS+HRV,False,full_window,S002,Kinematics,90.42409304547536,48.54365079916424,0.043255882764466534,156,5
Lin10_dc410fe4,Lin10,Lin,lt1,EMG+NIRS+HRV,False,full_window,S002,NIRS,349.782127652021,50.817099556914215,0.16732415219483995,156,2
Lin10_dc410fe4,Lin10,Lin,lt1,EMG+NIRS+HRV,False,full_window,S003,EMG,1283.8999821508928,81.84860423501478,0.583066521861649,319,1
Lin10_dc410fe4,Lin10,Lin,lt1,EMG+NIRS+HRV,False,full_window,S003,HRV,94.38767819230883,-12.696974632959156,0.042864939633372554,319,4
Lin10_dc410fe4,Lin10,Lin,lt1,EMG+NIRS+HRV,False,full_window,S003,Interaction,135.7692087665798,-35.85457140923242,0.06165782493338648,319,3
Lin10_dc410fe4,Lin10,Lin,lt1,EMG+NIRS+HRV,False,full_window,S003,Kinematics,72.99970426923373,6.4346858911378355,0.03315186872569697,319,5
Lin10_dc410fe4,Lin10,Lin,lt1,EMG+NIRS+HRV,False,full_window,S003,NIRS,614.9219899786976,-345.0445323587993,0.2792588448458946,319,2
Lin10_dc410fe4,Lin10,Lin,lt1,EMG+NIRS+HRV,False,full_window,S004,EMG,1742.758770625356,-133.65006449122546,0.7211003274036116,172,1
Lin10_dc410fe4,Lin10,Lin,lt1,EMG+NIRS+HRV,False,full_window,S004,HRV,97.58200371932881,-37.2688792379654,0.04037645141528039,172,5
Lin10_dc410fe4,Lin10,Lin,lt1,EMG+NIRS+HRV,False,full_window,S004,Interaction,132.4325686226286,44.14441096381208,0.05479655027552172,172,4
Lin10_dc410fe4,Lin10,Lin,lt1,EMG+NIRS+HRV,False,full_window,S004,Kinematics,138.9060723627487,77.467473441468,0.05747508831826763,172,3
Lin10_dc410fe4,Lin10,Lin,lt1,EMG+NIRS+HRV,False,full_window,S004,NIRS,305.1254374708224,35.25912556954577,0.12625158258731822,172,2
Lin10_dc410fe4,Lin10,Lin,lt1,EMG+NIRS+HRV,False,full_window,S005,EMG,1462.5065073221663,35.876904688347516,0.6633095166136865,264,1
Lin10_dc410fe4,Lin10,Lin,lt1,EMG+NIRS+HRV,False,full_window,S005,HRV,130.67555386556018,-79.89888272391994,0.05926697627246636,264,4
Lin10_dc410fe4,Lin10,Lin,lt1,EMG+NIRS+HRV,False,full_window,S005,Interaction,149.32870359348806,-25.267368524096753,0.06772698083819581,264,3
Lin10_dc410fe4,Lin10,Lin,lt1,EMG+NIRS+HRV,False,full_window,S005,Kinematics,75.46529683321727,-24.776338909977543,0.03422675339421447,264,5
Lin10_dc410fe4,Lin10,Lin,lt1,EMG+NIRS+HRV,False,full_window,S005,NIRS,386.8867824896638,-168.88515241928252,0.17546977288143645,264,2
Lin10_dc410fe4,Lin10,Lin,lt1,EMG+NIRS+HRV,False,full_window,S006,EMG,1279.4597225050918,-3.8352367863507055,0.6673415656069829,141,1
Lin10_dc410fe4,Lin10,Lin,lt1,EMG+NIRS+HRV,False,full_window,S006,HRV,152.92757017118868,40.094637138429036,0.0797640772174496,141,3
Lin10_dc410fe4,Lin10,Lin,lt1,EMG+NIRS+HRV,False,full_window,S006,Interaction,146.0520032511568,-19.35055804744823,0.07617791384540848,141,4
Lin10_dc410fe4,Lin10,Lin,lt1,EMG+NIRS+HRV,False,full_window,S006,Kinematics,128.58183211734072,73.19188775592926,0.06706580882889723,141,5
Lin10_dc410fe4,Lin10,Lin,lt1,EMG+NIRS+HRV,False,full_window,S006,NIRS,210.22753207929816,51.71405711856752,0.10965063450126132,141,2
Lin10_dc410fe4,Lin10,Lin,lt1,EMG+NIRS+HRV,False,full_window,S007,EMG,976.400599551169,70.44790298048035,0.5047081933420747,227,1
Lin10_dc410fe4,Lin10,Lin,lt1,EMG+NIRS+HRV,False,full_window,S007,HRV,42.807393843077755,9.926138998884753,0.02212743664655051,227,5
Lin10_dc410fe4,Lin10,Lin,lt1,EMG+NIRS+HRV,False,full_window,S007,Interaction,58.978699204041924,-20.644028935287448,0.030486495742240376,227,4
Lin10_dc410fe4,Lin10,Lin,lt1,EMG+NIRS+HRV,False,full_window,S007,Kinematics,87.03477262122348,-45.18163065701753,0.044988873283966,227,3
Lin10_dc410fe4,Lin10,Lin,lt1,EMG+NIRS+HRV,False,full_window,S007,NIRS,769.3629390590131,-158.41674344497233,0.3976890009851678,227,2
Lin10_dc410fe4,Lin10,Lin,lt1,EMG+NIRS+HRV,False,full_window,S008,EMG,952.5219637686154,-2.4690017938071858,0.6332495834478671,150,1
Lin10_dc410fe4,Lin10,Lin,lt1,EMG+NIRS+HRV,False,full_window,S008,HRV,95.45405501401603,3.8019995296615186,0.06345915671790107,150,4
Lin10_dc410fe4,Lin10,Lin,lt1,EMG+NIRS+HRV,False,full_window,S008,Interaction,148.16690015543762,-6.543875136909211,0.09850337459198448,150,3
Lin10_dc410fe4,Lin10,Lin,lt1,EMG+NIRS+HRV,False,full_window,S008,Kinematics,33.84036490115331,15.709664192854216,0.022497535797069285,150,5
Lin10_dc410fe4,Lin10,Lin,lt1,EMG+NIRS+HRV,False,full_window,S008,NIRS,274.19767208403096,79.66181548194811,0.18229034944517739,150,2
Lin10_dc410fe4,Lin10,Lin,lt1,EMG+NIRS+HRV,False,full_window,S009,EMG,1689.0690931372665,122.46048620443419,0.7157291173562659,356,1
Lin10_dc410fe4,Lin10,Lin,lt1,EMG+NIRS+HRV,False,full_window,S009,HRV,140.48363309298676,0.8906226980832024,0.059528782525934014,356,4
Lin10_dc410fe4,Lin10,Lin,lt1,EMG+NIRS+HRV,False,full_window,S009,Interaction,176.65621574492366,51.70686674591241,0.07485661651399182,356,3
Lin10_dc410fe4,Lin10,Lin,lt1,EMG+NIRS+HRV,False,full_window,S009,Kinematics,39.14190091536316,-27.17188882280937,0.016586058147428657,356,5
Lin10_dc410fe4,Lin10,Lin,lt1,EMG+NIRS+HRV,False,full_window,S009,NIRS,314.5770295094089,-8.939627084613424,0.1332994254563793,356,2
Lin10_dc410fe4,Lin10,Lin,lt1,EMG+NIRS+HRV,False,full_window,S010,EMG,1240.9912694747145,98.50891367134213,0.5887551975370973,320,1
Lin10_dc410fe4,Lin10,Lin,lt1,EMG+NIRS+HRV,False,full_window,S010,HRV,131.45726239161115,-29.301354338188663,0.06236639079646322,320,4
Lin10_dc410fe4,Lin10,Lin,lt1,EMG+NIRS+HRV,False,full_window,S010,Interaction,183.8263081123929,-22.90655975907347,0.08721148730646439,320,3
Lin10_dc410fe4,Lin10,Lin,lt1,EMG+NIRS+HRV,False,full_window,S010,Kinematics,83.42506561823775,-52.51879837873643,0.03957879656026994,320,5
Lin10_dc410fe4,Lin10,Lin,lt1,EMG+NIRS+HRV,False,full_window,S010,NIRS,468.12228377151996,163.0375438014788,0.2220881277997048,320,2
Lin10_dc410fe4,Lin10,Lin,lt1,EMG+NIRS+HRV,False,full_window,S011,EMG,1095.4267433674888,-15.804129756932015,0.6558392457592708,183,1
Lin10_dc410fe4,Lin10,Lin,lt1,EMG+NIRS+HRV,False,full_window,S011,HRV,109.73051246070428,20.37430455477067,0.06569638450470427,183,4
Lin10_dc410fe4,Lin10,Lin,lt1,EMG+NIRS+HRV,False,full_window,S011,Interaction,154.39748016877198,23.475384060660083,0.09243879388021217,183,3
Lin10_dc410fe4,Lin10,Lin,lt1,EMG+NIRS+HRV,False,full_window,S011,Kinematics,47.811007587345216,13.76373075979336,0.0286247668727547,183,5
Lin10_dc410fe4,Lin10,Lin,lt1,EMG+NIRS+HRV,False,full_window,S011,NIRS,262.9013995466305,47.04900163635584,0.15740080898305747,183,2
Lin10_dc410fe4,Lin10,Lin,lt1,EMG+NIRS+HRV,False,full_window,S012,EMG,1449.501905251672,-68.79979796832461,0.4860145157578873,163,1
Lin10_dc410fe4,Lin10,Lin,lt1,EMG+NIRS+HRV,False,full_window,S012,HRV,179.70359784819522,-79.49997172272502,0.06025418578044327,163,4
Lin10_dc410fe4,Lin10,Lin,lt1,EMG+NIRS+HRV,False,full_window,S012,Interaction,282.10388317542055,210.3287911364106,0.09458875609488508,163,3
Lin10_dc410fe4,Lin10,Lin,lt1,EMG+NIRS+HRV,False,full_window,S012,Kinematics,34.114275510268044,-4.185286149203531,0.011438434839225234,163,5
Lin10_dc410fe4,Lin10,Lin,lt1,EMG+NIRS+HRV,False,full_window,S012,NIRS,1037.001468030432,59.043310592299854,0.34770410752755876,163,2
Lin10_dc410fe4,Lin10,Lin,lt1,EMG+NIRS+HRV,False,full_window,S013,EMG,2256.4100269902783,-112.5603644820664,0.6738505619445915,265,1
Lin10_dc410fe4,Lin10,Lin,lt1,EMG+NIRS+HRV,False,full_window,S013,HRV,120.56735617713937,-10.554623369271178,0.036006036021966815,265,4
Lin10_dc410fe4,Lin10,Lin,lt1,EMG+NIRS+HRV,False,full_window,S013,Interaction,211.32075452263786,70.68410724256206,0.06310848094199153,265,3
Lin10_dc410fe4,Lin10,Lin,lt1,EMG+NIRS+HRV,False,full_window,S013,Kinematics,107.40186273523607,13.039522074147664,0.03207431481527737,265,5
Lin10_dc410fe4,Lin10,Lin,lt1,EMG+NIRS+HRV,False,full_window,S013,NIRS,652.8317875111187,-138.84622242151903,0.19496060627617254,265,2
Lin10_dc410fe4,Lin10,Lin,lt1,EMG+NIRS+HRV,False,full_window,S014,EMG,1439.210403094322,-48.8660249232037,0.6329663266750573,227,1
Lin10_dc410fe4,Lin10,Lin,lt1,EMG+NIRS+HRV,False,full_window,S014,HRV,106.2707269673671,47.899725085569244,0.046737983228164505,227,4
Lin10_dc410fe4,Lin10,Lin,lt1,EMG+NIRS+HRV,False,full_window,S014,Interaction,161.8598874077092,-61.1976316489977,0.07118615745704948,227,3
Lin10_dc410fe4,Lin10,Lin,lt1,EMG+NIRS+HRV,False,full_window,S014,Kinematics,30.64525216099467,-2.5431324207532726,0.013477815786121998,227,5
Lin10_dc410fe4,Lin10,Lin,lt1,EMG+NIRS+HRV,False,full_window,S014,NIRS,535.7688140790783,117.70849044055922,0.23563171685360634,227,2
Lin10_dc410fe4,Lin10,Lin,lt1,EMG+NIRS+HRV,False,full_window,S016,EMG,1403.059158877947,-55.074307768743935,0.5642835229988024,188,1
Lin10_dc410fe4,Lin10,Lin,lt1,EMG+NIRS+HRV,False,full_window,S016,HRV,126.14475106581344,-26.822780409767315,0.05073300301617307,188,4
Lin10_dc410fe4,Lin10,Lin,lt1,EMG+NIRS+HRV,False,full_window,S016,Interaction,155.36851810482995,32.52840667080052,0.06248624243999057,188,3
Lin10_dc410fe4,Lin10,Lin,lt1,EMG+NIRS+HRV,False,full_window,S016,Kinematics,51.855115455093255,-12.51934689149561,0.020855134332261677,188,5
Lin10_dc410fe4,Lin10,Lin,lt1,EMG+NIRS+HRV,False,full_window,S016,NIRS,750.0160645279557,-12.204183545799737,0.301642097212772,188,2
Lin10_dc410fe4,Lin10,Lin,lt1,EMG+NIRS+HRV,False,full_window,S017,EMG,1316.0838219572508,16.29597214246443,0.702164825791954,221,1
Lin10_dc410fe4,Lin10,Lin,lt1,EMG+NIRS+HRV,False,full_window,S017,HRV,106.26417833290844,67.43656384780898,0.056694693014375075,221,4
Lin10_dc410fe4,Lin10,Lin,lt1,EMG+NIRS+HRV,False,full_window,S017,Interaction,143.05419608897643,-21.048126268902138,0.07632312091356057,221,3
Lin10_dc410fe4,Lin10,Lin,lt1,EMG+NIRS+HRV,False,full_window,S017,Kinematics,67.87752649827897,-19.53354460038272,0.036214419456940136,221,5
Lin10_dc410fe4,Lin10,Lin,lt1,EMG+NIRS+HRV,False,full_window,S017,NIRS,241.04347534441632,86.88620413568238,0.12860294082316964,221,2
Lin10_dc410fe4,Lin10,Lin,lt1,EMG+NIRS+HRV,False,full_window,S018,EMG,1584.4956042816352,-9.589839349134287,0.6971401159861419,217,1
Lin10_dc410fe4,Lin10,Lin,lt1,EMG+NIRS+HRV,False,full_window,S018,HRV,105.85746844765754,42.082570640762086,0.046574750748555716,217,4
Lin10_dc410fe4,Lin10,Lin,lt1,EMG+NIRS+HRV,False,full_window,S018,Interaction,140.77303675921098,9.1363975308605,0.06193676455071704,217,3
Lin10_dc410fe4,Lin10,Lin,lt1,EMG+NIRS+HRV,False,full_window,S018,Kinematics,56.078780397058495,16.528347801409218,0.024673320244451662,217,5
Lin10_dc410fe4,Lin10,Lin,lt1,EMG+NIRS+HRV,False,full_window,S018,NIRS,385.6461022572166,94.97593024315205,0.16967504847013323,217,2
Lin10_dc410fe4,Lin10,Lin,lt1,EMG+NIRS+HRV,False,full_window,S019,EMG,1736.5649921266195,-9.775716888935122,0.6724980653842485,319,1
Lin10_dc410fe4,Lin10,Lin,lt1,EMG+NIRS+HRV,False,full_window,S019,HRV,97.79032168390333,7.877604029343152,0.0378700494619514,319,4
Lin10_dc410fe4,Lin10,Lin,lt1,EMG+NIRS+HRV,False,full_window,S019,Interaction,149.97195781313255,-2.1753057179494704,0.05807778686573108,319,3
Lin10_dc410fe4,Lin10,Lin,lt1,EMG+NIRS+HRV,False,full_window,S019,Kinematics,48.87076805983595,-25.359345891627335,0.018925578439672738,319,5
Lin10_dc410fe4,Lin10,Lin,lt1,EMG+NIRS+HRV,False,full_window,S019,NIRS,549.0621652352977,-18.291622382713612,0.21262851984839584,319,2
Lin12_ecfa2a6a,Lin12,Lin,lt2,HRV,True,split,S001,HRV,332.7042717266276,-86.01451645396898,0.9999999999999969,208,1
Lin12_ecfa2a6a,Lin12,Lin,lt2,HRV,True,split,S002,HRV,300.1653484240129,-127.72437051333985,0.9999999999999967,154,1
Lin12_ecfa2a6a,Lin12,Lin,lt2,HRV,True,split,S003,HRV,302.2141070368673,-114.8725933497379,0.9999999999999964,271,1
Lin12_ecfa2a6a,Lin12,Lin,lt2,HRV,True,split,S004,HRV,219.32013151725323,-34.11183920896624,0.9999999999999954,169,1
Lin12_ecfa2a6a,Lin12,Lin,lt2,HRV,True,split,S005,HRV,328.1853861345139,-243.14124958306604,0.9999999999999969,240,1
Lin12_ecfa2a6a,Lin12,Lin,lt2,HRV,True,split,S006,HRV,325.96763729897486,-132.97986868713073,0.9999999999999969,139,1
Lin12_ecfa2a6a,Lin12,Lin,lt2,HRV,True,split,S007,HRV,362.8473680957624,294.8821075721971,0.9999999999999973,17,1
Lin12_ecfa2a6a,Lin12,Lin,lt2,HRV,True,split,S008,HRV,226.64872861346745,6.039300373295793,0.9999999999999957,148,1
Lin12_ecfa2a6a,Lin12,Lin,lt2,HRV,True,split,S009,HRV,550.4680257113862,357.99092972323126,0.9999999999999982,354,1
Lin12_ecfa2a6a,Lin12,Lin,lt2,HRV,True,split,S010,HRV,305.4905153607191,-15.99374997458607,0.9999999999999967,318,1
Lin12_ecfa2a6a,Lin12,Lin,lt2,HRV,True,split,S011,HRV,272.0027823558537,5.0801232160966885,0.9999999999999962,181,1
Lin12_ecfa2a6a,Lin12,Lin,lt2,HRV,True,split,S012,HRV,341.2975675587993,-183.36978173281875,0.9999999999999971,161,1
Lin12_ecfa2a6a,Lin12,Lin,lt2,HRV,True,split,S013,HRV,320.13391229050944,147.3037422014794,0.9999999999999969,263,1
Lin12_ecfa2a6a,Lin12,Lin,lt2,HRV,True,split,S014,HRV,273.72127446682646,-122.80700477207678,0.9999999999999962,225,1
Lin12_ecfa2a6a,Lin12,Lin,lt2,HRV,True,split,S016,HRV,329.20533186245075,-230.23249972991272,0.9999999999999968,186,1
Lin12_ecfa2a6a,Lin12,Lin,lt2,HRV,True,split,S017,HRV,294.93244498997535,82.32545482395588,0.9999999999999966,219,1
Lin12_ecfa2a6a,Lin12,Lin,lt2,HRV,True,split,S018,HRV,465.7512040681535,459.01580848901114,0.9999999999999978,81,1
Lin12_ecfa2a6a,Lin12,Lin,lt2,HRV,True,split,S019,HRV,400.7161010670169,191.90590350501665,0.9999999999999976,317,1
Lin14_228f08a1,Lin14,Lin,lt1,EMG+NIRS+HRV,False,full_window,S001,EMG,1469.5612525728413,-40.864610857943845,0.6686995531573379,242,1
Lin14_228f08a1,Lin14,Lin,lt1,EMG+NIRS+HRV,False,full_window,S001,HRV,153.50318805815908,20.657466125213492,0.0698490880070546,242,4
Lin14_228f08a1,Lin14,Lin,lt1,EMG+NIRS+HRV,False,full_window,S001,Interaction,161.8937217306618,-39.132427936492476,0.07366706164219985,242,3
Lin14_228f08a1,Lin14,Lin,lt1,EMG+NIRS+HRV,False,full_window,S001,Kinematics,40.663695286564696,17.770376927991872,0.018503342286853162,242,5
Lin14_228f08a1,Lin14,Lin,lt1,EMG+NIRS+HRV,False,full_window,S001,NIRS,372.0186905383946,58.55922968514456,0.16928095490655418,242,2
Lin14_228f08a1,Lin14,Lin,lt1,EMG+NIRS+HRV,False,full_window,S002,EMG,1196.6319578782666,72.929366542352,0.6461650200094787,156,1
Lin14_228f08a1,Lin14,Lin,lt1,EMG+NIRS+HRV,False,full_window,S002,HRV,94.5558065368767,11.831379633045486,0.05105885249065771,156,4
Lin14_228f08a1,Lin14,Lin,lt1,EMG+NIRS+HRV,False,full_window,S002,Interaction,144.20419367377133,-5.341495859778387,0.07786830785956861,156,3
Lin14_228f08a1,Lin14,Lin,lt1,EMG+NIRS+HRV,False,full_window,S002,Kinematics,87.33961327850953,39.153818174308405,0.04716220604854469,156,5
Lin14_228f08a1,Lin14,Lin,lt1,EMG+NIRS+HRV,False,full_window,S002,NIRS,329.1668149932494,57.03141629401977,0.17774561359174978,156,2
Lin14_228f08a1,Lin14,Lin,lt1,EMG+NIRS+HRV,False,full_window,S003,EMG,928.2906371458033,44.61759770715318,0.526523754961464,319,1
Lin14_228f08a1,Lin14,Lin,lt1,EMG+NIRS+HRV,False,full_window,S003,HRV,80.55996511882883,-1.3441623128621518,0.0456933783845415,319,4
Lin14_228f08a1,Lin14,Lin,lt1,EMG+NIRS+HRV,False,full_window,S003,Interaction,123.97862811482135,-40.68405117253225,0.07032031801020279,319,3
Lin14_228f08a1,Lin14,Lin,lt1,EMG+NIRS+HRV,False,full_window,S003,Kinematics,72.88060010343987,9.046006547944014,0.0413376648376998,319,5
Lin14_228f08a1,Lin14,Lin,lt1,EMG+NIRS+HRV,False,full_window,S003,NIRS,557.3457361434293,-327.9470018284045,0.3161248838060915,319,2
Lin14_228f08a1,Lin14,Lin,lt1,EMG+NIRS+HRV,False,full_window,S004,EMG,1663.4902900669604,-136.2024871587743,0.7042121309514023,172,1
Lin14_228f08a1,Lin14,Lin,lt1,EMG+NIRS+HRV,False,full_window,S004,HRV,81.53931455129495,-22.31243273347907,0.034518370680824806,172,5
Lin14_228f08a1,Lin14,Lin,lt1,EMG+NIRS+HRV,False,full_window,S004,Interaction,133.38980725557528,60.37457568184867,0.056468451289165236,172,3
Lin14_228f08a1,Lin14,Lin,lt1,EMG+NIRS+HRV,False,full_window,S004,Kinematics,119.59993548096662,75.33692960103212,0.05063072861297645,172,4
Lin14_228f08a1,Lin14,Lin,lt1,EMG+NIRS+HRV,False,full_window,S004,NIRS,364.1812126093665,58.256790028065765,0.15417031846563073,172,2
Lin14_228f08a1,Lin14,Lin,lt1,EMG+NIRS+HRV,False,full_window,S005,EMG,1041.6180924154319,37.20304328922107,0.5979403850662462,264,1
Lin14_228f08a1,Lin14,Lin,lt1,EMG+NIRS+HRV,False,full_window,S005,HRV,119.39584411483253,-69.181935647089,0.06853912919252475,264,4
Lin14_228f08a1,Lin14,Lin,lt1,EMG+NIRS+HRV,False,full_window,S005,Interaction,144.92041717065726,-46.10750288130163,0.0831914985712666,264,3
Lin14_228f08a1,Lin14,Lin,lt1,EMG+NIRS+HRV,False,full_window,S005,Kinematics,78.61691449552404,-27.439645822193185,0.04513000347100861,264,5
Lin14_228f08a1,Lin14,Lin,lt1,EMG+NIRS+HRV,False,full_window,S005,NIRS,357.4586686303329,-166.3792148156681,0.20519898369895323,264,2
Lin14_228f08a1,Lin14,Lin,lt1,EMG+NIRS+HRV,False,full_window,S006,EMG,860.4336677866954,-4.380216466028177,0.5913842370559432,141,1
Lin14_228f08a1,Lin14,Lin,lt1,EMG+NIRS+HRV,False,full_window,S006,HRV,133.37965686042682,27.020871760621176,0.09167310574223289,141,5
Lin14_228f08a1,Lin14,Lin,lt1,EMG+NIRS+HRV,False,full_window,S006,Interaction,136.4846412909015,-19.179346457626075,0.09380719104971535,141,4
Lin14_228f08a1,Lin14,Lin,lt1,EMG+NIRS+HRV,False,full_window,S006,Kinematics,138.33786206335498,79.74665596292081,0.09508092729882425,141,3
Lin14_228f08a1,Lin14,Lin,lt1,EMG+NIRS+HRV,False,full_window,S006,NIRS,186.31277203257923,14.62555625708615,0.12805453885328363,141,2
Lin14_228f08a1,Lin14,Lin,lt1,EMG+NIRS+HRV,False,full_window,S007,EMG,835.2512302228636,75.10795497990053,0.4878409031195864,227,1
Lin14_228f08a1,Lin14,Lin,lt1,EMG+NIRS+HRV,False,full_window,S007,HRV,40.4790317239536,15.75698117814478,0.023642380494729574,227,5
Lin14_228f08a1,Lin14,Lin,lt1,EMG+NIRS+HRV,False,full_window,S007,Interaction,52.31264152226339,-10.846356792290951,0.03055397629044231,227,4
Lin14_228f08a1,Lin14,Lin,lt1,EMG+NIRS+HRV,False,full_window,S007,Kinematics,80.47388189325997,-40.148537871662896,0.04700196755157349,227,3
Lin14_228f08a1,Lin14,Lin,lt1,EMG+NIRS+HRV,False,full_window,S007,NIRS,703.6217927718399,-147.5726911663176,0.41096077254366764,227,2
Lin14_228f08a1,Lin14,Lin,lt1,EMG+NIRS+HRV,False,full_window,S008,EMG,763.2418054628109,28.392818248721884,0.584657467241454,150,1
Lin14_228f08a1,Lin14,Lin,lt1,EMG+NIRS+HRV,False,full_window,S008,HRV,89.76167654467103,23.871283671181068,0.06875911944070139,150,4
Lin14_228f08a1,Lin14,Lin,lt1,EMG+NIRS+HRV,False,full_window,S008,Interaction,143.4433019271511,2.524414445240282,0.10988024633507275,150,3
Lin14_228f08a1,Lin14,Lin,lt1,EMG+NIRS+HRV,False,full_window,S008,Kinematics,42.060280671637265,22.119288640871286,0.03221895995861081,150,5
Lin14_228f08a1,Lin14,Lin,lt1,EMG+NIRS+HRV,False,full_window,S008,NIRS,266.94415807965146,61.7016388635792,0.20448420702416034,150,2
Lin14_228f08a1,Lin14,Lin,lt1,EMG+NIRS+HRV,False,full_window,S009,EMG,1341.079918581378,94.77640933946631,0.6759544842881257,356,1
Lin14_228f08a1,Lin14,Lin,lt1,EMG+NIRS+HRV,False,full_window,S009,HRV,126.17302815428573,9.288942886368481,0.06359592966489272,356,4
Lin14_228f08a1,Lin14,Lin,lt1,EMG+NIRS+HRV,False,full_window,S009,Interaction,173.0601791576886,48.17424537121606,0.08722880906090275,356,3
Lin14_228f08a1,Lin14,Lin,lt1,EMG+NIRS+HRV,False,full_window,S009,Kinematics,45.537583446773304,-28.346332118722472,0.022952646824398255,356,5
Lin14_228f08a1,Lin14,Lin,lt1,EMG+NIRS+HRV,False,full_window,S009,NIRS,298.1289072663409,18.16962936781038,0.15026813016168014,356,2
Lin14_228f08a1,Lin14,Lin,lt1,EMG+NIRS+HRV,False,full_window,S010,EMG,1071.3457979195,120.69925143022104,0.5705083097367498,320,1
Lin14_228f08a1,Lin14,Lin,lt1,EMG+NIRS+HRV,False,full_window,S010,HRV,115.02213501123954,-27.60028669507131,0.06125107687453235,320,4
Lin14_228f08a1,Lin14,Lin,lt1,EMG+NIRS+HRV,False,full_window,S010,Interaction,167.37220763171965,-10.93718049266316,0.08912830521976392,320,3
Lin14_228f08a1,Lin14,Lin,lt1,EMG+NIRS+HRV,False,full_window,S010,Kinematics,88.92868876828433,-60.24181079411387,0.04735591068245505,320,5
Lin14_228f08a1,Lin14,Lin,lt1,EMG+NIRS+HRV,False,full_window,S010,NIRS,435.2105628447214,152.0218250256951,0.23175639748649848,320,2
Lin14_228f08a1,Lin14,Lin,lt1,EMG+NIRS+HRV,False,full_window,S011,EMG,932.3676863527277,8.337525371600435,0.6307988236480521,183,1
Lin14_228f08a1,Lin14,Lin,lt1,EMG+NIRS+HRV,False,full_window,S011,HRV,95.0025750377039,8.409987524684421,0.0642745490373505,183,4
Lin14_228f08a1,Lin14,Lin,lt1,EMG+NIRS+HRV,False,full_window,S011,Interaction,148.5067510815826,27.352615221050513,0.10047311297596466,183,3
Lin14_228f08a1,Lin14,Lin,lt1,EMG+NIRS+HRV,False,full_window,S011,Kinematics,42.60159444183206,4.753472037333437,0.02882235844590673,183,5
Lin14_228f08a1,Lin14,Lin,lt1,EMG+NIRS+HRV,False,full_window,S011,NIRS,259.5959414193832,11.106382952826383,0.17563115589272538,183,2
Lin14_228f08a1,Lin14,Lin,lt1,EMG+NIRS+HRV,False,full_window,S012,EMG,1139.6099818604246,-44.16113120560022,0.4936635366990798,163,1
Lin14_228f08a1,Lin14,Lin,lt1,EMG+NIRS+HRV,False,full_window,S012,HRV,165.51154579239014,-72.62477895078466,0.07169734940985294,163,4
Lin14_228f08a1,Lin14,Lin,lt1,EMG+NIRS+HRV,False,full_window,S012,Interaction,264.9490906730555,171.37363707809305,0.1147723407383116,163,3
Lin14_228f08a1,Lin14,Lin,lt1,EMG+NIRS+HRV,False,full_window,S012,Kinematics,39.69946834344784,-16.108307244843086,0.017197269468897946,163,5
Lin14_228f08a1,Lin14,Lin,lt1,EMG+NIRS+HRV,False,full_window,S012,NIRS,698.7050125460626,22.109801383207873,0.3026695036838572,163,2
Lin14_228f08a1,Lin14,Lin,lt1,EMG+NIRS+HRV,False,full_window,S013,EMG,1799.6390082439875,-83.53482417082833,0.6524768739356,265,1
Lin14_228f08a1,Lin14,Lin,lt1,EMG+NIRS+HRV,False,full_window,S013,HRV,108.60570669755812,27.288305100050273,0.03937607024129482,265,5
Lin14_228f08a1,Lin14,Lin,lt1,EMG+NIRS+HRV,False,full_window,S013,Interaction,181.1182154609294,76.14580047461594,0.06566619555110241,265,3
Lin14_228f08a1,Lin14,Lin,lt1,EMG+NIRS+HRV,False,full_window,S013,Kinematics,111.8371901074598,32.64664923112344,0.04054767642665127,265,4
Lin14_228f08a1,Lin14,Lin,lt1,EMG+NIRS+HRV,False,full_window,S013,NIRS,556.9650806395737,-62.33334061730966,0.2019331838453511,265,2
Lin14_228f08a1,Lin14,Lin,lt1,EMG+NIRS+HRV,False,full_window,S014,EMG,1030.263412471292,-35.59230726568004,0.5876789007824121,227,1
Lin14_228f08a1,Lin14,Lin,lt1,EMG+NIRS+HRV,False,full_window,S014,HRV,107.79278909010293,30.395761857855014,0.06148674895946306,227,4
Lin14_228f08a1,Lin14,Lin,lt1,EMG+NIRS+HRV,False,full_window,S014,Interaction,160.7583913517585,-86.12403968408097,0.0916991844780111,227,3
Lin14_228f08a1,Lin14,Lin,lt1,EMG+NIRS+HRV,False,full_window,S014,Kinematics,31.481335745506936,-4.6353056914242226,0.017957462685880922,227,5
Lin14_228f08a1,Lin14,Lin,lt1,EMG+NIRS+HRV,False,full_window,S014,NIRS,422.81008059169744,54.40028354841726,0.24117770309423225,227,2
Lin14_228f08a1,Lin14,Lin,lt1,EMG+NIRS+HRV,False,full_window,S016,EMG,1156.8648778068969,-102.27911641140099,0.5303132315076318,188,1
Lin14_228f08a1,Lin14,Lin,lt1,EMG+NIRS+HRV,False,full_window,S016,HRV,106.0392997909453,-19.175156584388404,0.048608999043645684,188,4
Lin14_228f08a1,Lin14,Lin,lt1,EMG+NIRS+HRV,False,full_window,S016,Interaction,136.66549192541072,33.03626267804689,0.06264821419415784,188,3
Lin14_228f08a1,Lin14,Lin,lt1,EMG+NIRS+HRV,False,full_window,S016,Kinematics,51.57645272944343,-9.930243552076448,0.023642929992397334,188,5
Lin14_228f08a1,Lin14,Lin,lt1,EMG+NIRS+HRV,False,full_window,S016,NIRS,730.3285404066455,-0.8838368680291921,0.33478662526216696,188,2
Lin14_228f08a1,Lin14,Lin,lt1,EMG+NIRS+HRV,False,full_window,S017,EMG,1058.8053155074526,15.250222011948948,0.6987118900453059,221,1
Lin14_228f08a1,Lin14,Lin,lt1,EMG+NIRS+HRV,False,full_window,S017,HRV,79.02719476661987,37.508702658443525,0.052150513235664636,221,4
Lin14_228f08a1,Lin14,Lin,lt1,EMG+NIRS+HRV,False,full_window,S017,Interaction,128.94125232900706,-11.281463275755433,0.08508909503956405,221,3
Lin14_228f08a1,Lin14,Lin,lt1,EMG+NIRS+HRV,False,full_window,S017,Kinematics,67.55177250007985,-20.95403513390633,0.044577814210179124,221,5
Lin14_228f08a1,Lin14,Lin,lt1,EMG+NIRS+HRV,False,full_window,S017,NIRS,181.04200134852002,35.28978040666635,0.11947068746928564,221,2
Lin14_228f08a1,Lin14,Lin,lt1,EMG+NIRS+HRV,False,full_window,S018,EMG,1181.42870471925,-24.755886977105288,0.6541081431353183,217,1
Lin14_228f08a1,Lin14,Lin,lt1,EMG+NIRS+HRV,False,full_window,S018,HRV,85.64692010631686,24.61571782000914,0.04741915246533204,217,4
Lin14_228f08a1,Lin14,Lin,lt1,EMG+NIRS+HRV,False,full_window,S018,Interaction,133.85713458420736,19.54811757594002,0.07411115152234003,217,3
Lin14_228f08a1,Lin14,Lin,lt1,EMG+NIRS+HRV,False,full_window,S018,Kinematics,52.548257442201546,20.491809648874145,0.02909379377969592,217,5
Lin14_228f08a1,Lin14,Lin,lt1,EMG+NIRS+HRV,False,full_window,S018,NIRS,352.6862310534551,63.025808320685854,0.19526775909731325,217,2
Lin14_228f08a1,Lin14,Lin,lt1,EMG+NIRS+HRV,False,full_window,S019,EMG,1365.431610095169,2.1729180705071727,0.6602182747612507,319,1
Lin14_228f08a1,Lin14,Lin,lt1,EMG+NIRS+HRV,False,full_window,S019,HRV,92.80986977442446,26.54545040929774,0.0448757533151119,319,4
Lin14_228f08a1,Lin14,Lin,lt1,EMG+NIRS+HRV,False,full_window,S019,Interaction,134.33669749662698,34.39969101306599,0.0649549505098724,319,3
Lin14_228f08a1,Lin14,Lin,lt1,EMG+NIRS+HRV,False,full_window,S019,Kinematics,45.82463329467919,-35.85988727835852,0.022157287198932923,319,5
Lin14_228f08a1,Lin14,Lin,lt1,EMG+NIRS+HRV,False,full_window,S019,NIRS,429.7489844237459,34.959859879353765,0.2077937342148316,319,2
Lin19_c8f03f08,Lin19,Lin,lt2,EMG+NIRS+HRV,True,full_window,S001,EMG,68.73329783265568,27.524569005056037,0.14658039855492205,208,4
Lin19_c8f03f08,Lin19,Lin,lt2,EMG+NIRS+HRV,True,full_window,S001,HRV,193.71388433080702,-87.09607806094417,0.41311357473293325,208,1
Lin19_c8f03f08,Lin19,Lin,lt2,EMG+NIRS+HRV,True,full_window,S001,Interaction,126.39660637283784,-20.37996697547815,0.2695529753748806,208,2
Lin19_c8f03f08,Lin19,Lin,lt2,EMG+NIRS+HRV,True,full_window,S001,Kinematics,9.991908991486135,6.042387341929055,0.021308711330313854,208,5
Lin19_c8f03f08,Lin19,Lin,lt2,EMG+NIRS+HRV,True,full_window,S001,NIRS,70.07623415114055,-44.38119966201888,0.14944434000694806,208,3
Lin19_c8f03f08,Lin19,Lin,lt2,EMG+NIRS+HRV,True,full_window,S002,EMG,47.2730116124941,20.337670227562533,0.11183216225991821,154,4
Lin19_c8f03f08,Lin19,Lin,lt2,EMG+NIRS+HRV,True,full_window,S002,HRV,187.93499371247495,-86.92231127097799,0.4445914485722216,154,1
Lin19_c8f03f08,Lin19,Lin,lt2,EMG+NIRS+HRV,True,full_window,S002,Interaction,94.28117765254898,33.13818241500309,0.2230377883204161,154,2
Lin19_c8f03f08,Lin19,Lin,lt2,EMG+NIRS+HRV,True,full_window,S002,Kinematics,2.6157906048828217,-2.393290843921513,0.006188087227468088,154,5
Lin19_c8f03f08,Lin19,Lin,lt2,EMG+NIRS+HRV,True,full_window,S002,NIRS,90.6089457159039,-71.07758202689296,0.21435051361997357,154,3
Lin19_c8f03f08,Lin19,Lin,lt2,EMG+NIRS+HRV,True,full_window,S003,EMG,63.014003215299915,-26.351479262956413,0.12355730042951663,271,4
Lin19_c8f03f08,Lin19,Lin,lt2,EMG+NIRS+HRV,True,full_window,S003,HRV,170.05924648882035,-70.26616159373013,0.33345066710719035,271,2
Lin19_c8f03f08,Lin19,Lin,lt2,EMG+NIRS+HRV,True,full_window,S003,Interaction,190.28536373054524,-100.971688339147,0.37310985898585597,271,1
Lin19_c8f03f08,Lin19,Lin,lt2,EMG+NIRS+HRV,True,full_window,S003,Kinematics,6.860822663749207,-4.311540250632906,0.013452640426004121,271,5
Lin19_c8f03f08,Lin19,Lin,lt2,EMG+NIRS+HRV,True,full_window,S003,NIRS,79.77878332081077,-9.760097943272127,0.15642953305143084,271,3
Lin19_c8f03f08,Lin19,Lin,lt2,EMG+NIRS+HRV,True,full_window,S004,EMG,49.217601303444695,-2.5303842082271766,0.12351805561958064,169,4
Lin19_c8f03f08,Lin19,Lin,lt2,EMG+NIRS+HRV,True,full_window,S004,HRV,140.7246439680719,47.43097455913409,0.35316703659585774,169,1
Lin19_c8f03f08,Lin19,Lin,lt2,EMG+NIRS+HRV,True,full_window,S004,Interaction,99.40315489754369,57.56532369848739,0.2494653150546217,169,3
Lin19_c8f03f08,Lin19,Lin,lt2,EMG+NIRS+HRV,True,full_window,S004,Kinematics,7.174023094311965,5.348923188674841,0.018004156239068127,169,5
Lin19_c8f03f08,Lin19,Lin,lt2,EMG+NIRS+HRV,True,full_window,S004,NIRS,101.94540891491518,-59.75752832687843,0.25584543649086927,169,2
Lin19_c8f03f08,Lin19,Lin,lt2,EMG+NIRS+HRV,True,full_window,S005,EMG,53.51613920111228,21.282540287999062,0.10891592498589359,240,4
Lin19_c8f03f08,Lin19,Lin,lt2,EMG+NIRS+HRV,True,full_window,S005,HRV,203.31663297639923,-166.90363996890574,0.413789549773458,240,1
Lin19_c8f03f08,Lin19,Lin,lt2,EMG+NIRS+HRV,True,full_window,S005,Interaction,138.06360032944303,-60.58690279020264,0.28098672589691365,240,2
Lin19_c8f03f08,Lin19,Lin,lt2,EMG+NIRS+HRV,True,full_window,S005,Kinematics,5.160856619569978,4.076554115287928,0.010503363673670118,240,5
Lin19_c8f03f08,Lin19,Lin,lt2,EMG+NIRS+HRV,True,full_window,S005,NIRS,91.29552032717925,6.161567618307426,0.18580443567006252,240,3
Lin19_c8f03f08,Lin19,Lin,lt2,EMG+NIRS+HRV,True,full_window,S006,EMG,55.834695659184774,-24.552764290987476,0.1271313160376157,139,4
Lin19_c8f03f08,Lin19,Lin,lt2,EMG+NIRS+HRV,True,full_window,S006,HRV,150.32141880385538,-84.07228386971292,0.3422703316559056,139,2
Lin19_c8f03f08,Lin19,Lin,lt2,EMG+NIRS+HRV,True,full_window,S006,Interaction,150.91785189309658,62.95114967594014,0.3436283640167598,139,1
Lin19_c8f03f08,Lin19,Lin,lt2,EMG+NIRS+HRV,True,full_window,S006,Kinematics,2.2153511594451425,-1.6780180629347468,0.005044184535451822,139,5
Lin19_c8f03f08,Lin19,Lin,lt2,EMG+NIRS+HRV,True,full_window,S006,NIRS,79.89984058818722,3.1928353509578704,0.1819258037542647,139,3
Lin19_c8f03f08,Lin19,Lin,lt2,EMG+NIRS+HRV,True,full_window,S007,EMG,36.08470768379729,5.812937223889052,0.06574657734544319,17,4
Lin19_c8f03f08,Lin19,Lin,lt2,EMG+NIRS+HRV,True,full_window,S007,HRV,220.18629817241361,193.42162503816198,0.4011808994007627,17,1
Lin19_c8f03f08,Lin19,Lin,lt2,EMG+NIRS+HRV,True,full_window,S007,Interaction,164.2570976448058,150.53436524183948,0.29927752413777614,17,2
Lin19_c8f03f08,Lin19,Lin,lt2,EMG+NIRS+HRV,True,full_window,S007,Kinematics,1.2386671253280368,1.0828523773445962,0.002256859738875058,17,5
Lin19_c8f03f08,Lin19,Lin,lt2,EMG+NIRS+HRV,True,full_window,S007,NIRS,127.07864674347982,-36.628360888829576,0.231538139377141,17,3
Lin19_c8f03f08,Lin19,Lin,lt2,EMG+NIRS+HRV,True,full_window,S008,EMG,56.3764617460916,-7.751650284324464,0.14636519979159815,148,4
Lin19_c8f03f08,Lin19,Lin,lt2,EMG+NIRS+HRV,True,full_window,S008,HRV,133.4957758478389,-13.467840967210911,0.34658322459652996,148,1
Lin19_c8f03f08,Lin19,Lin,lt2,EMG+NIRS+HRV,True,full_window,S008,Interaction,105.80008283397041,64.15991937960543,0.27467935699308527,148,2
Lin19_c8f03f08,Lin19,Lin,lt2,EMG+NIRS+HRV,True,full_window,S008,Kinematics,7.186825454656306,-3.4343924021814174,0.01865851653258531,148,5
Lin19_c8f03f08,Lin19,Lin,lt2,EMG+NIRS+HRV,True,full_window,S008,NIRS,82.31753427340189,-46.46837954441139,0.21371370208619866,148,3
Lin19_c8f03f08,Lin19,Lin,lt2,EMG+NIRS+HRV,True,full_window,S009,EMG,62.518951864249665,-10.54297783234349,0.09981451090746885,354,4
Lin19_c8f03f08,Lin19,Lin,lt2,EMG+NIRS+HRV,True,full_window,S009,HRV,271.91935317527424,211.23027091415025,0.43413231402853475,354,1
Lin19_c8f03f08,Lin19,Lin,lt2,EMG+NIRS+HRV,True,full_window,S009,Interaction,151.96605700243586,18.30937595806263,0.24262111250954055,354,2
Lin19_c8f03f08,Lin19,Lin,lt2,EMG+NIRS+HRV,True,full_window,S009,Kinematics,1.9034247379062648,0.5071830214227842,0.003038909060340996,354,5
Lin19_c8f03f08,Lin19,Lin,lt2,EMG+NIRS+HRV,True,full_window,S009,NIRS,138.04354526449546,43.65209796169639,0.22039315349411323,354,3
Lin19_c8f03f08,Lin19,Lin,lt2,EMG+NIRS+HRV,True,full_window,S010,EMG,67.6773453401745,32.077258616655534,0.1302879968772092,318,4
Lin19_c8f03f08,Lin19,Lin,lt2,EMG+NIRS+HRV,True,full_window,S010,HRV,187.80762477131333,-9.631573325947393,0.36155495028253803,318,1
Lin19_c8f03f08,Lin19,Lin,lt2,EMG+NIRS+HRV,True,full_window,S010,Interaction,162.68520631558502,-31.59769153576534,0.31319091412160915,318,2
Lin19_c8f03f08,Lin19,Lin,lt2,EMG+NIRS+HRV,True,full_window,S010,Kinematics,3.992784883497189,-1.8888170675745541,0.007686648195458143,318,5
Lin19_c8f03f08,Lin19,Lin,lt2,EMG+NIRS+HRV,True,full_window,S010,NIRS,97.28124661563928,64.61252112967368,0.18727949052318352,318,3
Lin19_c8f03f08,Lin19,Lin,lt2,EMG+NIRS+HRV,True,full_window,S011,EMG,51.03498062251052,-13.006412175342605,0.12229595297411966,181,4
Lin19_c8f03f08,Lin19,Lin,lt2,EMG+NIRS+HRV,True,full_window,S011,HRV,189.87941618423207,5.1988281519220685,0.4550111290172138,181,1
Lin19_c8f03f08,Lin19,Lin,lt2,EMG+NIRS+HRV,True,full_window,S011,Interaction,102.5540891771258,27.57367511687155,0.24575202957513115,181,2
Lin19_c8f03f08,Lin19,Lin,lt2,EMG+NIRS+HRV,True,full_window,S011,Kinematics,2.940109968967632,1.354675585261948,0.0070454332718019996,181,5
Lin19_c8f03f08,Lin19,Lin,lt2,EMG+NIRS+HRV,True,full_window,S011,NIRS,70.89859517973116,-24.829397741229958,0.16989545516173105,181,3
Lin19_c8f03f08,Lin19,Lin,lt2,EMG+NIRS+HRV,True,full_window,S012,EMG,57.785968741198154,-17.036997258191064,0.12681215978838561,161,4
Lin19_c8f03f08,Lin19,Lin,lt2,EMG+NIRS+HRV,True,full_window,S012,HRV,159.6291887524891,-54.492143192818936,0.3503086066036469,161,1
Lin19_c8f03f08,Lin19,Lin,lt2,EMG+NIRS+HRV,True,full_window,S012,Interaction,128.4575646804889,14.792804691900884,0.28190201831253886,161,2
Lin19_c8f03f08,Lin19,Lin,lt2,EMG+NIRS+HRV,True,full_window,S012,Kinematics,2.141795606022304,1.3180323779549117,0.004700202013422733,161,5
Lin19_c8f03f08,Lin19,Lin,lt2,EMG+NIRS+HRV,True,full_window,S012,NIRS,107.66708907538073,-12.164750142788064,0.23627701328200373,161,3
Lin19_c8f03f08,Lin19,Lin,lt2,EMG+NIRS+HRV,True,full_window,S013,EMG,75.70699989729899,-19.0704488623807,0.14384686869864466,263,4
Lin19_c8f03f08,Lin19,Lin,lt2,EMG+NIRS+HRV,True,full_window,S013,HRV,199.43710169252233,143.31526042989185,0.3789398948541088,263,1
Lin19_c8f03f08,Lin19,Lin,lt2,EMG+NIRS+HRV,True,full_window,S013,Interaction,114.48734414478037,-4.316612582422477,0.21753135090799344,263,3
Lin19_c8f03f08,Lin19,Lin,lt2,EMG+NIRS+HRV,True,full_window,S013,Kinematics,0.4359758837570261,0.12848222847144955,0.0008283747314204423,263,5
Lin19_c8f03f08,Lin19,Lin,lt2,EMG+NIRS+HRV,True,full_window,S013,NIRS,136.23530976679902,9.832048109049003,0.25885351080783076,263,2
Lin19_c8f03f08,Lin19,Lin,lt2,EMG+NIRS+HRV,True,full_window,S014,EMG,57.469099473953264,7.210759841328291,0.13378225868446889,225,4
Lin19_c8f03f08,Lin19,Lin,lt2,EMG+NIRS+HRV,True,full_window,S014,HRV,171.40710745837424,-67.07879511767555,0.3990184325186078,225,1
Lin19_c8f03f08,Lin19,Lin,lt2,EMG+NIRS+HRV,True,full_window,S014,Interaction,105.57577358839322,-3.170857746031608,0.24576973682033837,225,2
Lin19_c8f03f08,Lin19,Lin,lt2,EMG+NIRS+HRV,True,full_window,S014,Kinematics,3.0421947278548878,0.848365662826706,0.007081922037683416,225,5
Lin19_c8f03f08,Lin19,Lin,lt2,EMG+NIRS+HRV,True,full_window,S014,NIRS,92.07772792504643,-34.70854056042337,0.21434764993889913,225,3
Lin19_c8f03f08,Lin19,Lin,lt2,EMG+NIRS+HRV,True,full_window,S016,EMG,55.43749945269154,-12.463717778029402,0.12351891465609974,186,4
Lin19_c8f03f08,Lin19,Lin,lt2,EMG+NIRS+HRV,True,full_window,S016,HRV,164.6573210434804,-103.1480287946405,0.36686888453234934,186,1
Lin19_c8f03f08,Lin19,Lin,lt2,EMG+NIRS+HRV,True,full_window,S016,Interaction,145.63705639300144,-35.49007638627826,0.3244903056048527,186,2
Lin19_c8f03f08,Lin19,Lin,lt2,EMG+NIRS+HRV,True,full_window,S016,Kinematics,1.390753168901795,-0.2387464088777709,0.0030987025690773795,186,5
Lin19_c8f03f08,Lin19,Lin,lt2,EMG+NIRS+HRV,True,full_window,S016,NIRS,81.6952664320292,-41.92517513977121,0.18202319263761857,186,3
Lin19_c8f03f08,Lin19,Lin,lt2,EMG+NIRS+HRV,True,full_window,S017,EMG,70.97858883719994,12.967512582386975,0.12412934878519473,219,4
Lin19_c8f03f08,Lin19,Lin,lt2,EMG+NIRS+HRV,True,full_window,S017,HRV,218.09620793283574,12.463298648144647,0.3814127711853689,219,1
Lin19_c8f03f08,Lin19,Lin,lt2,EMG+NIRS+HRV,True,full_window,S017,Interaction,121.57246344000723,5.120593555733212,0.2126093370443417,219,3
Lin19_c8f03f08,Lin19,Lin,lt2,EMG+NIRS+HRV,True,full_window,S017,Kinematics,1.3410312010702259,-0.9188678153446797,0.002345233012046475,219,5
Lin19_c8f03f08,Lin19,Lin,lt2,EMG+NIRS+HRV,True,full_window,S017,NIRS,159.82320628737185,116.57660658927044,0.27950330997304645,219,2
Lin19_c8f03f08,Lin19,Lin,lt2,EMG+NIRS+HRV,True,full_window,S018,EMG,31.55591245541387,-4.201467098901899,0.050928384799652386,81,4
Lin19_c8f03f08,Lin19,Lin,lt2,EMG+NIRS+HRV,True,full_window,S018,HRV,261.6931367725026,259.83689664432916,0.4223490221621378,81,1
Lin19_c8f03f08,Lin19,Lin,lt2,EMG+NIRS+HRV,True,full_window,S018,Interaction,212.9164885696572,212.9164885696572,0.34362792948507925,81,2
Lin19_c8f03f08,Lin19,Lin,lt2,EMG+NIRS+HRV,True,full_window,S018,Kinematics,0.8104048215898622,-0.06483912617340062,0.0013079199866502746,81,5
Lin19_c8f03f08,Lin19,Lin,lt2,EMG+NIRS+HRV,True,full_window,S018,NIRS,112.63751222633951,-76.287136047849,0.1817867435664786,81,3
Lin19_c8f03f08,Lin19,Lin,lt2,EMG+NIRS+HRV,True,full_window,S019,EMG,83.82635886210005,-16.625456840638513,0.1489823448380212,317,4
Lin19_c8f03f08,Lin19,Lin,lt2,EMG+NIRS+HRV,True,full_window,S019,HRV,210.38402695857133,104.97589578159096,0.3739099023054977,317,1
Lin19_c8f03f08,Lin19,Lin,lt2,EMG+NIRS+HRV,True,full_window,S019,Interaction,152.16280435216515,-13.851731881082655,0.27043488107132957,317,2
Lin19_c8f03f08,Lin19,Lin,lt2,EMG+NIRS+HRV,True,full_window,S019,Kinematics,4.24733047082615,-2.7942738326886136,0.007548666808809115,317,5
Lin19_c8f03f08,Lin19,Lin,lt2,EMG+NIRS+HRV,True,full_window,S019,NIRS,112.03916197335367,-6.194643924183402,0.1991242049763405,317,3
Lin2_cf259fa7,Lin2,Lin,lt1,EMG+NIRS+HRV,False,full_window,S001,EMG,2197.426638112597,-59.029549581558626,0.7337146179871751,242,1
Lin2_cf259fa7,Lin2,Lin,lt1,EMG+NIRS+HRV,False,full_window,S001,HRV,196.19063003867302,40.14598029831707,0.06550750349287074,242,3
Lin2_cf259fa7,Lin2,Lin,lt1,EMG+NIRS+HRV,False,full_window,S001,Interaction,189.28155055812942,-64.1865378558838,0.06320058114843964,242,4
Lin2_cf259fa7,Lin2,Lin,lt1,EMG+NIRS+HRV,False,full_window,S001,Kinematics,46.07484814076492,18.389661813121148,0.015384263126733886,242,5
Lin2_cf259fa7,Lin2,Lin,lt1,EMG+NIRS+HRV,False,full_window,S001,NIRS,365.9600365846585,86.37510771269869,0.12219303424478042,242,2
Lin2_cf259fa7,Lin2,Lin,lt1,EMG+NIRS+HRV,False,full_window,S002,EMG,1668.9396076759408,62.84133150824836,0.7069199023061435,156,1
Lin2_cf259fa7,Lin2,Lin,lt1,EMG+NIRS+HRV,False,full_window,S002,HRV,109.97235438093153,32.410596939316626,0.04658146146079113,156,4
Lin2_cf259fa7,Lin2,Lin,lt1,EMG+NIRS+HRV,False,full_window,S002,Interaction,149.45110488822914,3.7946570214607185,0.06330364500981168,156,3
Lin2_cf259fa7,Lin2,Lin,lt1,EMG+NIRS+HRV,False,full_window,S002,Kinematics,81.57978876476763,43.530181924977825,0.034555100758890525,156,5
Lin2_cf259fa7,Lin2,Lin,lt1,EMG+NIRS+HRV,False,full_window,S002,NIRS,350.9181162778424,106.73067845944274,0.14863989046436266,156,2
Lin2_cf259fa7,Lin2,Lin,lt1,EMG+NIRS+HRV,False,full_window,S003,EMG,1457.6684146273012,153.21185262662698,0.6192038370444919,319,1
Lin2_cf259fa7,Lin2,Lin,lt1,EMG+NIRS+HRV,False,full_window,S003,HRV,111.208588699305,9.933196801036605,0.04724036285887336,319,4
Lin2_cf259fa7,Lin2,Lin,lt1,EMG+NIRS+HRV,False,full_window,S003,Interaction,124.03061996679736,-23.114933811344034,0.05268704118424937,319,3
Lin2_cf259fa7,Lin2,Lin,lt1,EMG+NIRS+HRV,False,full_window,S003,Kinematics,70.49138334564566,5.878097723679509,0.029944076861511817,319,5
Lin2_cf259fa7,Lin2,Lin,lt1,EMG+NIRS+HRV,False,full_window,S003,NIRS,590.7020622187691,-325.65999459608344,0.25092468205087326,319,2
Lin2_cf259fa7,Lin2,Lin,lt1,EMG+NIRS+HRV,False,full_window,S004,EMG,2212.665998739412,-120.51252022778388,0.7546594108892958,172,1
Lin2_cf259fa7,Lin2,Lin,lt1,EMG+NIRS+HRV,False,full_window,S004,HRV,101.02815514388624,-14.718609820568183,0.03445700710706165,172,5
Lin2_cf259fa7,Lin2,Lin,lt1,EMG+NIRS+HRV,False,full_window,S004,Interaction,133.5987209609806,28.46174003657535,0.04556563535274485,172,4
Lin2_cf259fa7,Lin2,Lin,lt1,EMG+NIRS+HRV,False,full_window,S004,Kinematics,153.92008129727213,71.9922931788989,0.05249650780642374,172,3
Lin2_cf259fa7,Lin2,Lin,lt1,EMG+NIRS+HRV,False,full_window,S004,NIRS,330.79314728991693,67.95793861716626,0.11282143884447365,172,2
Lin2_cf259fa7,Lin2,Lin,lt1,EMG+NIRS+HRV,False,full_window,S005,EMG,1783.7363922488742,7.4496545481577385,0.7092846308055759,264,1
Lin2_cf259fa7,Lin2,Lin,lt1,EMG+NIRS+HRV,False,full_window,S005,HRV,135.33657883787848,-80.23863405457693,0.053815213824555494,264,4
Lin2_cf259fa7,Lin2,Lin,lt1,EMG+NIRS+HRV,False,full_window,S005,Interaction,143.76763035969606,-24.175520863790172,0.057167735694906394,264,3
Lin2_cf259fa7,Lin2,Lin,lt1,EMG+NIRS+HRV,False,full_window,S005,Kinematics,50.72822489721626,-13.498805483557213,0.020171562582899906,264,5
Lin2_cf259fa7,Lin2,Lin,lt1,EMG+NIRS+HRV,False,full_window,S005,NIRS,401.26980793349395,-152.73532672276957,0.15956085709206186,264,2
Lin2_cf259fa7,Lin2,Lin,lt1,EMG+NIRS+HRV,False,full_window,S006,EMG,1556.1095523472122,-4.763863039936346,0.6806355919911743,141,1
Lin2_cf259fa7,Lin2,Lin,lt1,EMG+NIRS+HRV,False,full_window,S006,HRV,159.41857244178289,60.97542802290057,0.06972899450725178,141,3
Lin2_cf259fa7,Lin2,Lin,lt1,EMG+NIRS+HRV,False,full_window,S006,Interaction,149.5342417664424,-18.626776046251116,0.06540563099438147,141,4
Lin2_cf259fa7,Lin2,Lin,lt1,EMG+NIRS+HRV,False,full_window,S006,Kinematics,126.21163785487914,78.3911023075604,0.05520442485424941,141,5
Lin2_cf259fa7,Lin2,Lin,lt1,EMG+NIRS+HRV,False,full_window,S006,NIRS,294.98544287317105,90.74981106682742,0.12902535765294265,141,2
Lin2_cf259fa7,Lin2,Lin,lt1,EMG+NIRS+HRV,False,full_window,S007,EMG,1227.8447433621166,126.73608017202568,0.5424059631948748,227,1
Lin2_cf259fa7,Lin2,Lin,lt1,EMG+NIRS+HRV,False,full_window,S007,HRV,59.58655516409239,29.597289854545995,0.02632262997579346,227,5
Lin2_cf259fa7,Lin2,Lin,lt1,EMG+NIRS+HRV,False,full_window,S007,Interaction,64.24518203871334,-27.978954378606392,0.028380599446897088,227,4
Lin2_cf259fa7,Lin2,Lin,lt1,EMG+NIRS+HRV,False,full_window,S007,Kinematics,79.83045334295949,-38.340821215509514,0.035265463465034556,227,3
Lin2_cf259fa7,Lin2,Lin,lt1,EMG+NIRS+HRV,False,full_window,S007,NIRS,832.1937380572197,-187.57694302613243,0.36762534391739976,227,2
Lin2_cf259fa7,Lin2,Lin,lt1,EMG+NIRS+HRV,False,full_window,S008,EMG,930.9239198689405,-37.43331360858953,0.6272917784691011,150,1
Lin2_cf259fa7,Lin2,Lin,lt1,EMG+NIRS+HRV,False,full_window,S008,HRV,101.81468471435419,12.449622744175976,0.06860658887971166,150,4
Lin2_cf259fa7,Lin2,Lin,lt1,EMG+NIRS+HRV,False,full_window,S008,Interaction,149.16832504196967,-12.764299093582931,0.10051526436232039,150,3
Lin2_cf259fa7,Lin2,Lin,lt1,EMG+NIRS+HRV,False,full_window,S008,Kinematics,35.770703762433,19.87939976967351,0.024103654338785255,150,5
Lin2_cf259fa7,Lin2,Lin,lt1,EMG+NIRS+HRV,False,full_window,S008,NIRS,266.35890562266513,80.6543943218702,0.17948271395008092,150,2
Lin2_cf259fa7,Lin2,Lin,lt1,EMG+NIRS+HRV,False,full_window,S009,EMG,1956.1155479436707,144.50768098884188,0.7447577450400547,356,1
Lin2_cf259fa7,Lin2,Lin,lt1,EMG+NIRS+HRV,False,full_window,S009,HRV,140.32188733610923,-1.3089832024394639,0.0534251734270325,356,4
Lin2_cf259fa7,Lin2,Lin,lt1,EMG+NIRS+HRV,False,full_window,S009,Interaction,173.83291557940146,46.93330514262877,0.06618392781384984,356,3
Lin2_cf259fa7,Lin2,Lin,lt1,EMG+NIRS+HRV,False,full_window,S009,Kinematics,29.234883456041462,-19.285181663027323,0.011130684944515978,356,5
Lin2_cf259fa7,Lin2,Lin,lt1,EMG+NIRS+HRV,False,full_window,S009,NIRS,327.0072940485688,-20.218170864890507,0.1245024687745467,356,2
Lin2_cf259fa7,Lin2,Lin,lt1,EMG+NIRS+HRV,False,full_window,S010,EMG,1384.7950358259925,57.287906884446045,0.6134621095759544,320,1
Lin2_cf259fa7,Lin2,Lin,lt1,EMG+NIRS+HRV,False,full_window,S010,HRV,142.63030954971947,-64.49190075293554,0.06318501173254996,320,4
Lin2_cf259fa7,Lin2,Lin,lt1,EMG+NIRS+HRV,False,full_window,S010,Interaction,183.9755891262909,2.8093271930625114,0.08150090814600175,320,3
Lin2_cf259fa7,Lin2,Lin,lt1,EMG+NIRS+HRV,False,full_window,S010,Kinematics,80.64165298433554,-51.439966471515554,0.035724130488346724,320,5
Lin2_cf259fa7,Lin2,Lin,lt1,EMG+NIRS+HRV,False,full_window,S010,NIRS,465.30145089805166,139.20347636580217,0.20612784005714685,320,2
Lin2_cf259fa7,Lin2,Lin,lt1,EMG+NIRS+HRV,False,full_window,S011,EMG,1437.0618675110638,-32.27261326516985,0.7177381709128277,183,1
Lin2_cf259fa7,Lin2,Lin,lt1,EMG+NIRS+HRV,False,full_window,S011,HRV,114.09617998875979,14.825716714903624,0.056985148228242674,183,4
Lin2_cf259fa7,Lin2,Lin,lt1,EMG+NIRS+HRV,False,full_window,S011,Interaction,154.87951049262205,26.53358624955655,0.07735431513841404,183,3
Lin2_cf259fa7,Lin2,Lin,lt1,EMG+NIRS+HRV,False,full_window,S011,Kinematics,42.260497697812006,7.326766062141175,0.021106935619986333,183,5
Lin2_cf259fa7,Lin2,Lin,lt1,EMG+NIRS+HRV,False,full_window,S011,NIRS,253.91100291866564,22.884633541841858,0.12681543010052881,183,2
Lin2_cf259fa7,Lin2,Lin,lt1,EMG+NIRS+HRV,False,full_window,S012,EMG,1600.6876436741811,-96.73777650566288,0.4530140246111188,163,1
Lin2_cf259fa7,Lin2,Lin,lt1,EMG+NIRS+HRV,False,full_window,S012,HRV,205.24167753312568,-100.01873915253373,0.0580858849786587,163,4
Lin2_cf259fa7,Lin2,Lin,lt1,EMG+NIRS+HRV,False,full_window,S012,Interaction,308.8372742240763,227.84076429285983,0.08740469578751532,163,3
Lin2_cf259fa7,Lin2,Lin,lt1,EMG+NIRS+HRV,False,full_window,S012,Kinematics,32.0559102777684,-5.590437298486854,0.00907221154913887,163,5
Lin2_cf259fa7,Lin2,Lin,lt1,EMG+NIRS+HRV,False,full_window,S012,NIRS,1386.5949090127444,110.70905906804845,0.39242318307356805,163,2
Lin2_cf259fa7,Lin2,Lin,lt1,EMG+NIRS+HRV,False,full_window,S013,EMG,2634.344174168402,-151.0843631919778,0.7026540067449785,265,1
Lin2_cf259fa7,Lin2,Lin,lt1,EMG+NIRS+HRV,False,full_window,S013,HRV,121.54433351106626,-26.73835689546902,0.03241930715665066,265,4
Lin2_cf259fa7,Lin2,Lin,lt1,EMG+NIRS+HRV,False,full_window,S013,Interaction,218.89914605616332,78.91132667849449,0.05838658576113031,265,3
Lin2_cf259fa7,Lin2,Lin,lt1,EMG+NIRS+HRV,False,full_window,S013,Kinematics,102.29013892241947,7.498591663821739,0.027283669563422767,265,5
Lin2_cf259fa7,Lin2,Lin,lt1,EMG+NIRS+HRV,False,full_window,S013,NIRS,672.056416896825,-124.4726496684095,0.17925643077381756,265,2
Lin2_cf259fa7,Lin2,Lin,lt1,EMG+NIRS+HRV,False,full_window,S014,EMG,1411.0721959418772,-70.70002974714237,0.6347746370679281,227,1
Lin2_cf259fa7,Lin2,Lin,lt1,EMG+NIRS+HRV,False,full_window,S014,HRV,121.9847709915642,27.634044105130325,0.054875178574614894,227,4
Lin2_cf259fa7,Lin2,Lin,lt1,EMG+NIRS+HRV,False,full_window,S014,Interaction,168.79298016731067,-91.92883779706659,0.07593197784880172,227,3
Lin2_cf259fa7,Lin2,Lin,lt1,EMG+NIRS+HRV,False,full_window,S014,Kinematics,34.550756805754766,19.6234610723548,0.015542751231914015,227,5
Lin2_cf259fa7,Lin2,Lin,lt1,EMG+NIRS+HRV,False,full_window,S014,NIRS,486.5491645062035,64.81962501459431,0.21887545527674096,227,2
Lin2_cf259fa7,Lin2,Lin,lt1,EMG+NIRS+HRV,False,full_window,S016,EMG,1662.7021895369394,16.149150460367878,0.5827384243589487,188,1
Lin2_cf259fa7,Lin2,Lin,lt1,EMG+NIRS+HRV,False,full_window,S016,HRV,131.13668156099934,-13.031894003202718,0.04596035517930026,188,4
Lin2_cf259fa7,Lin2,Lin,lt1,EMG+NIRS+HRV,False,full_window,S016,Interaction,138.23080753243914,44.493061723025214,0.048446681243471776,188,3
Lin2_cf259fa7,Lin2,Lin,lt1,EMG+NIRS+HRV,False,full_window,S016,Kinematics,55.87080104452749,-16.185171900890623,0.019581415585570163,188,5
Lin2_cf259fa7,Lin2,Lin,lt1,EMG+NIRS+HRV,False,full_window,S016,NIRS,865.3160073433011,23.29379532680673,0.30327312363270875,188,2
Lin2_cf259fa7,Lin2,Lin,lt1,EMG+NIRS+HRV,False,full_window,S017,EMG,1479.898323704276,-11.184527480211024,0.7222382149293535,221,1
Lin2_cf259fa7,Lin2,Lin,lt1,EMG+NIRS+HRV,False,full_window,S017,HRV,108.44437983317425,66.97285672767954,0.052924362474974715,221,4
Lin2_cf259fa7,Lin2,Lin,lt1,EMG+NIRS+HRV,False,full_window,S017,Interaction,147.7577599699564,-29.405805486629735,0.07211056266051019,221,3
Lin2_cf259fa7,Lin2,Lin,lt1,EMG+NIRS+HRV,False,full_window,S017,Kinematics,67.06095997800605,-22.026002895517088,0.0327279159994794,221,5
Lin2_cf259fa7,Lin2,Lin,lt1,EMG+NIRS+HRV,False,full_window,S017,NIRS,245.88318965380353,78.74253676457526,0.1199989439356817,221,2
Lin2_cf259fa7,Lin2,Lin,lt1,EMG+NIRS+HRV,False,full_window,S018,EMG,1833.9678545340219,-18.89609688948437,0.7173308000493701,217,1
Lin2_cf259fa7,Lin2,Lin,lt1,EMG+NIRS+HRV,False,full_window,S018,HRV,92.82389355447094,27.29087800322714,0.036306763863123634,217,4
Lin2_cf259fa7,Lin2,Lin,lt1,EMG+NIRS+HRV,False,full_window,S018,Interaction,132.77743718927746,17.214260497597877,0.05193403200171659,217,3
Lin2_cf259fa7,Lin2,Lin,lt1,EMG+NIRS+HRV,False,full_window,S018,Kinematics,48.46512257041093,13.845264851564984,0.01895645284183945,217,5
Lin2_cf259fa7,Lin2,Lin,lt1,EMG+NIRS+HRV,False,full_window,S018,NIRS,448.621358418761,117.89652885453492,0.1754719512439498,217,2
Lin2_cf259fa7,Lin2,Lin,lt1,EMG+NIRS+HRV,False,full_window,S019,EMG,1835.1395073183783,20.374361875052074,0.690270426677397,319,1
Lin2_cf259fa7,Lin2,Lin,lt1,EMG+NIRS+HRV,False,full_window,S019,HRV,112.76669282898553,34.84267997759616,0.04241612850883844,319,4
Lin2_cf259fa7,Lin2,Lin,lt1,EMG+NIRS+HRV,False,full_window,S019,Interaction,147.12478586486804,-0.8157108261516539,0.05533960132663865,319,3
Lin2_cf259fa7,Lin2,Lin,lt1,EMG+NIRS+HRV,False,full_window,S019,Kinematics,70.41500990441254,-34.623858548280296,0.02648594220623437,319,5
Lin2_cf259fa7,Lin2,Lin,lt1,EMG+NIRS+HRV,False,full_window,S019,NIRS,493.13452034824206,-3.7150904423580187,0.18548790128089113,319,2
Lin9_d65d8bae,Lin9,Lin,lt1,EMG+NIRS+HRV,False,full_window,S001,EMG,1658.902834274158,-57.312336034819715,0.6579366178569728,242,1
Lin9_d65d8bae,Lin9,Lin,lt1,EMG+NIRS+HRV,False,full_window,S001,HRV,169.40664660006243,49.857449542372144,0.06718828481313951,242,3
Lin9_d65d8bae,Lin9,Lin,lt1,EMG+NIRS+HRV,False,full_window,S001,Interaction,168.06799639947633,-43.81390980038404,0.06665736343108489,242,4
Lin9_d65d8bae,Lin9,Lin,lt1,EMG+NIRS+HRV,False,full_window,S001,Kinematics,45.13287530521364,27.705315590694596,0.017900126950753815,242,5
Lin9_d65d8bae,Lin9,Lin,lt1,EMG+NIRS+HRV,False,full_window,S001,NIRS,479.8614471508659,84.76979050989614,0.1903176069480487,242,2
Lin9_d65d8bae,Lin9,Lin,lt1,EMG+NIRS+HRV,False,full_window,S002,EMG,1332.897125844748,37.24617065284005,0.6641707078561476,156,1
Lin9_d65d8bae,Lin9,Lin,lt1,EMG+NIRS+HRV,False,full_window,S002,HRV,105.46071930933633,22.382143832983267,0.052550132517022854,156,4
Lin9_d65d8bae,Lin9,Lin,lt1,EMG+NIRS+HRV,False,full_window,S002,Interaction,149.05862796700745,-11.922118102776635,0.07427458018275057,156,3
Lin9_d65d8bae,Lin9,Lin,lt1,EMG+NIRS+HRV,False,full_window,S002,Kinematics,87.49008531881564,38.16968461762112,0.043595526443772105,156,5
Lin9_d65d8bae,Lin9,Lin,lt1,EMG+NIRS+HRV,False,full_window,S002,NIRS,331.95268735121977,63.476362469374656,0.16540905300030648,156,2
Lin9_d65d8bae,Lin9,Lin,lt1,EMG+NIRS+HRV,False,full_window,S003,EMG,1112.450133679067,62.09642962586105,0.5649843252779929,319,1
Lin9_d65d8bae,Lin9,Lin,lt1,EMG+NIRS+HRV,False,full_window,S003,HRV,84.02307628664164,-1.118920515271228,0.04267312271031176,319,4
Lin9_d65d8bae,Lin9,Lin,lt1,EMG+NIRS+HRV,False,full_window,S003,Interaction,126.77917948987422,-38.39023229077836,0.0643878291843042,319,3
Lin9_d65d8bae,Lin9,Lin,lt1,EMG+NIRS+HRV,False,full_window,S003,Kinematics,75.98415882125607,8.524299564812102,0.038590366798255185,319,5
Lin9_d65d8bae,Lin9,Lin,lt1,EMG+NIRS+HRV,False,full_window,S003,NIRS,569.7563669366946,-334.2605149519084,0.28936435602913546,319,2
Lin9_d65d8bae,Lin9,Lin,lt1,EMG+NIRS+HRV,False,full_window,S004,EMG,1550.551289424492,-159.33397371789346,0.6856201047010649,172,1
Lin9_d65d8bae,Lin9,Lin,lt1,EMG+NIRS+HRV,False,full_window,S004,HRV,90.93018032286093,-31.353335055843203,0.040207350881367024,172,5
Lin9_d65d8bae,Lin9,Lin,lt1,EMG+NIRS+HRV,False,full_window,S004,Interaction,131.4841113911277,29.506551056741856,0.05813941843353737,172,4
Lin9_d65d8bae,Lin9,Lin,lt1,EMG+NIRS+HRV,False,full_window,S004,Kinematics,132.7220742075037,81.53024695747732,0.05868681870437574,172,3
Lin9_d65d8bae,Lin9,Lin,lt1,EMG+NIRS+HRV,False,full_window,S004,NIRS,355.84359029994414,18.685192326098367,0.15734630727965446,172,2
Lin9_d65d8bae,Lin9,Lin,lt1,EMG+NIRS+HRV,False,full_window,S005,EMG,1236.8104060822118,28.281379925314674,0.6306536005845751,264,1
Lin9_d65d8bae,Lin9,Lin,lt1,EMG+NIRS+HRV,False,full_window,S005,HRV,127.49146104066395,-71.4888935799205,0.06500830568184784,264,4
Lin9_d65d8bae,Lin9,Lin,lt1,EMG+NIRS+HRV,False,full_window,S005,Interaction,149.03487605336974,-36.73130649704925,0.07599336222716577,264,3
Lin9_d65d8bae,Lin9,Lin,lt1,EMG+NIRS+HRV,False,full_window,S005,Kinematics,72.21352574751111,-17.60870449259217,0.036821908838748564,264,5
Lin9_d65d8bae,Lin9,Lin,lt1,EMG+NIRS+HRV,False,full_window,S005,NIRS,375.60622798003976,-177.05293407561328,0.1915228226676623,264,2
Lin9_d65d8bae,Lin9,Lin,lt1,EMG+NIRS+HRV,False,full_window,S006,EMG,1146.194683136015,15.483730886127606,0.6263639591085655,141,1
Lin9_d65d8bae,Lin9,Lin,lt1,EMG+NIRS+HRV,False,full_window,S006,HRV,149.54632380908765,55.961183315137575,0.08172296454465067,141,3
Lin9_d65d8bae,Lin9,Lin,lt1,EMG+NIRS+HRV,False,full_window,S006,Interaction,143.50521099798365,-8.632174431629615,0.07842166207530782,141,5
Lin9_d65d8bae,Lin9,Lin,lt1,EMG+NIRS+HRV,False,full_window,S006,Kinematics,145.6339130010765,77.65996136534433,0.07958493933879286,141,4
Lin9_d65d8bae,Lin9,Lin,lt1,EMG+NIRS+HRV,False,full_window,S006,NIRS,245.03786875567076,53.841685722732855,0.1339064749326827,141,2
Lin9_d65d8bae,Lin9,Lin,lt1,EMG+NIRS+HRV,False,full_window,S007,EMG,994.4198334601322,59.63555857955721,0.523262046571865,227,1
Lin9_d65d8bae,Lin9,Lin,lt1,EMG+NIRS+HRV,False,full_window,S007,HRV,41.16734055477849,14.860650568482681,0.021662185473172137,227,5
Lin9_d65d8bae,Lin9,Lin,lt1,EMG+NIRS+HRV,False,full_window,S007,Interaction,67.84923464739981,-29.43779970656995,0.03570215334141009,227,4
Lin9_d65d8bae,Lin9,Lin,lt1,EMG+NIRS+HRV,False,full_window,S007,Kinematics,89.57864091040832,-44.34901234774746,0.04713613042974939,227,3
Lin9_d65d8bae,Lin9,Lin,lt1,EMG+NIRS+HRV,False,full_window,S007,NIRS,707.4091068801373,-155.84677747114395,0.37223748418380287,227,2
Lin9_d65d8bae,Lin9,Lin,lt1,EMG+NIRS+HRV,False,full_window,S008,EMG,848.752616080709,12.994690290586258,0.6162583443384793,150,1
Lin9_d65d8bae,Lin9,Lin,lt1,EMG+NIRS+HRV,False,full_window,S008,HRV,100.04800190173316,15.631518582277,0.0726423870020475,150,4
Lin9_d65d8bae,Lin9,Lin,lt1,EMG+NIRS+HRV,False,full_window,S008,Interaction,147.93690464428357,-17.286345533567218,0.10741333834542957,150,3
Lin9_d65d8bae,Lin9,Lin,lt1,EMG+NIRS+HRV,False,full_window,S008,Kinematics,42.080525901113106,15.769958506319583,0.030553632153101373,150,5
Lin9_d65d8bae,Lin9,Lin,lt1,EMG+NIRS+HRV,False,full_window,S008,NIRS,238.44949499207803,72.02625426530005,0.1731322981609416,150,2
Lin9_d65d8bae,Lin9,Lin,lt1,EMG+NIRS+HRV,False,full_window,S009,EMG,1325.7184012704095,78.69618402697483,0.6590891286931294,356,1
Lin9_d65d8bae,Lin9,Lin,lt1,EMG+NIRS+HRV,False,full_window,S009,HRV,132.09650553972517,-0.43695377296754145,0.06567259732998615,356,4
Lin9_d65d8bae,Lin9,Lin,lt1,EMG+NIRS+HRV,False,full_window,S009,Interaction,181.50189278210348,29.40595532043356,0.09023479213630531,356,3
Lin9_d65d8bae,Lin9,Lin,lt1,EMG+NIRS+HRV,False,full_window,S009,Kinematics,36.855689286809394,-16.384111123806296,0.01832303460233346,356,5
Lin9_d65d8bae,Lin9,Lin,lt1,EMG+NIRS+HRV,False,full_window,S009,NIRS,335.267760331406,-18.442320213604603,0.1666804472382452,356,2
Lin9_d65d8bae,Lin9,Lin,lt1,EMG+NIRS+HRV,False,full_window,S010,EMG,1067.157902233933,94.62565376390016,0.5560056517495888,320,1
Lin9_d65d8bae,Lin9,Lin,lt1,EMG+NIRS+HRV,False,full_window,S010,HRV,120.33745187779103,-35.13255878734155,0.06269766003806336,320,4
Lin9_d65d8bae,Lin9,Lin,lt1,EMG+NIRS+HRV,False,full_window,S010,Interaction,177.82568801633045,-20.797854786185464,0.0926499137160163,320,3
Lin9_d65d8bae,Lin9,Lin,lt1,EMG+NIRS+HRV,False,full_window,S010,Kinematics,93.37346034083754,-57.70265549283019,0.04864900645372455,320,5
Lin9_d65d8bae,Lin9,Lin,lt1,EMG+NIRS+HRV,False,full_window,S010,NIRS,460.63473254139154,150.90993083103527,0.23999776804260645,320,2
Lin9_d65d8bae,Lin9,Lin,lt1,EMG+NIRS+HRV,False,full_window,S011,EMG,1101.0455226892475,-1.2540280720602368,0.65378756999609,183,1
Lin9_d65d8bae,Lin9,Lin,lt1,EMG+NIRS+HRV,False,full_window,S011,HRV,105.98619774895793,17.98765667064302,0.06293332768855277,183,4
Lin9_d65d8bae,Lin9,Lin,lt1,EMG+NIRS+HRV,False,full_window,S011,Interaction,155.1182725643607,6.913933430060958,0.09210736195007181,183,3
Lin9_d65d8bae,Lin9,Lin,lt1,EMG+NIRS+HRV,False,full_window,S011,Kinematics,51.0551019068791,12.016060961535956,0.030315904586827848,183,5
Lin9_d65d8bae,Lin9,Lin,lt1,EMG+NIRS+HRV,False,full_window,S011,NIRS,270.89777461410915,24.156872906391232,0.16085583577845694,183,2
Lin9_d65d8bae,Lin9,Lin,lt1,EMG+NIRS+HRV,False,full_window,S012,EMG,1284.364566796953,-46.314394768461085,0.4943970425775074,163,1
Lin9_d65d8bae,Lin9,Lin,lt1,EMG+NIRS+HRV,False,full_window,S012,HRV,167.85335247420844,-68.72331402131964,0.06461265219806392,163,4
Lin9_d65d8bae,Lin9,Lin,lt1,EMG+NIRS+HRV,False,full_window,S012,Interaction,264.0141343352314,206.00037276321302,0.10162831534625671,163,3
Lin9_d65d8bae,Lin9,Lin,lt1,EMG+NIRS+HRV,False,full_window,S012,Kinematics,42.614688553413394,-9.778078381266006,0.016403890714387713,163,5
Lin9_d65d8bae,Lin9,Lin,lt1,EMG+NIRS+HRV,False,full_window,S012,NIRS,838.9935687389001,21.1525367108599,0.322958099163784,163,2
Lin9_d65d8bae,Lin9,Lin,lt1,EMG+NIRS+HRV,False,full_window,S013,EMG,2047.8689526146977,-86.47445610031728,0.6531942996638804,265,1
Lin9_d65d8bae,Lin9,Lin,lt1,EMG+NIRS+HRV,False,full_window,S013,HRV,112.5081226768291,-16.873176933891465,0.03588592146219049,265,4
Lin9_d65d8bae,Lin9,Lin,lt1,EMG+NIRS+HRV,False,full_window,S013,Interaction,206.72688732969132,61.03021265355194,0.06593821553796357,265,3
Lin9_d65d8bae,Lin9,Lin,lt1,EMG+NIRS+HRV,False,full_window,S013,Kinematics,103.3708664161114,6.056579169522038,0.032971475351540436,265,5
Lin9_d65d8bae,Lin9,Lin,lt1,EMG+NIRS+HRV,False,full_window,S013,NIRS,664.6856487385571,-89.55922589670236,0.21201008798442478,265,2
Lin9_d65d8bae,Lin9,Lin,lt1,EMG+NIRS+HRV,False,full_window,S014,EMG,1161.6459667392194,-49.584598800216725,0.5771253010727831,227,1
Lin9_d65d8bae,Lin9,Lin,lt1,EMG+NIRS+HRV,False,full_window,S014,HRV,106.25248601496594,34.06974735418166,0.05278802641845266,227,4
Lin9_d65d8bae,Lin9,Lin,lt1,EMG+NIRS+HRV,False,full_window,S014,Interaction,155.26394048139048,-62.58085928045365,0.07713774330710968,227,3
Lin9_d65d8bae,Lin9,Lin,lt1,EMG+NIRS+HRV,False,full_window,S014,Kinematics,38.26735492978065,8.885620841233482,0.01901186709846051,227,5
Lin9_d65d8bae,Lin9,Lin,lt1,EMG+NIRS+HRV,False,full_window,S014,NIRS,551.3843921606796,101.99098908793776,0.27393706210319346,227,2
Lin9_d65d8bae,Lin9,Lin,lt1,EMG+NIRS+HRV,False,full_window,S016,EMG,1291.8245600739745,-20.403830731379532,0.535537781467865,188,1
Lin9_d65d8bae,Lin9,Lin,lt1,EMG+NIRS+HRV,False,full_window,S016,HRV,131.84154236153216,5.258885064906478,0.054656126910571604,188,4
Lin9_d65d8bae,Lin9,Lin,lt1,EMG+NIRS+HRV,False,full_window,S016,Interaction,142.2815476992152,9.008040432227222,0.05898412737584784,188,3
Lin9_d65d8bae,Lin9,Lin,lt1,EMG+NIRS+HRV,False,full_window,S016,Kinematics,55.565276788693424,-16.95263612146433,0.023035097781668373,188,5
Lin9_d65d8bae,Lin9,Lin,lt1,EMG+NIRS+HRV,False,full_window,S016,NIRS,790.6876773611023,10.015277670036198,0.3277868664640467,188,2
Lin9_d65d8bae,Lin9,Lin,lt1,EMG+NIRS+HRV,False,full_window,S017,EMG,1204.918738892326,14.921626980640541,0.6956701298776572,221,1
Lin9_d65d8bae,Lin9,Lin,lt1,EMG+NIRS+HRV,False,full_window,S017,HRV,103.08237071774649,66.42359635687511,0.05951548756826146,221,4
Lin9_d65d8bae,Lin9,Lin,lt1,EMG+NIRS+HRV,False,full_window,S017,Interaction,139.3960078716316,-24.151729125891954,0.08048147627750574,221,3
Lin9_d65d8bae,Lin9,Lin,lt1,EMG+NIRS+HRV,False,full_window,S017,Kinematics,70.03837446341822,-22.510749367376448,0.04043725397131548,221,5
Lin9_d65d8bae,Lin9,Lin,lt1,EMG+NIRS+HRV,False,full_window,S017,NIRS,214.59048867909442,71.563078756233,0.12389565230525963,221,2
Lin9_d65d8bae,Lin9,Lin,lt1,EMG+NIRS+HRV,False,full_window,S018,EMG,1308.1197060684212,-23.495009362131352,0.6443682441751742,217,1
Lin9_d65d8bae,Lin9,Lin,lt1,EMG+NIRS+HRV,False,full_window,S018,HRV,98.59573534710653,31.572694167344977,0.04856739071665063,217,4
Lin9_d65d8bae,Lin9,Lin,lt1,EMG+NIRS+HRV,False,full_window,S018,Interaction,138.5286563924008,12.86419013056286,0.06823799586033329,217,3
Lin9_d65d8bae,Lin9,Lin,lt1,EMG+NIRS+HRV,False,full_window,S018,Kinematics,58.95163327533914,18.74922194766516,0.029039055255163454,217,5
Lin9_d65d8bae,Lin9,Lin,lt1,EMG+NIRS+HRV,False,full_window,S018,NIRS,425.885232547837,84.91684459867781,0.20978731399267797,217,2
Lin9_d65d8bae,Lin9,Lin,lt1,EMG+NIRS+HRV,False,full_window,S019,EMG,1507.5210392741153,-16.266568987216154,0.6682139254543528,319,1
Lin9_d65d8bae,Lin9,Lin,lt1,EMG+NIRS+HRV,False,full_window,S019,HRV,95.48680356778506,16.262299742237534,0.04232485662146468,319,4
Lin9_d65d8bae,Lin9,Lin,lt1,EMG+NIRS+HRV,False,full_window,S019,Interaction,148.3363683876272,-9.144418028884015,0.06575060939492207,319,3
Lin9_d65d8bae,Lin9,Lin,lt1,EMG+NIRS+HRV,False,full_window,S019,Kinematics,39.52365487029443,-25.2609200772324,0.01751899700311928,319,5
Lin9_d65d8bae,Lin9,Lin,lt1,EMG+NIRS+HRV,False,full_window,S019,NIRS,465.17766340493085,6.419824488816033,0.20619161152614085,319,2
