model_id,architecture_id,family,target,selected_epoch,n_folds,n_epochs_mean,final_train_mae_mean,final_train_mae_std,final_train_loss_mean,train_mae_slope_last_K_mean,train_loss_slope_last_K_mean,training_instability_mean,converged_rate,relative_change_last_K_mean,stability_window_epochs,convergence_relative_threshold
LSTM1_914d0370,LSTM1,LSTM,lt1,80,18,80.0,0.06942900928868276,0.001907066571890616,0.009433622163606707,-0.00013100608969663022,-2.7052807875403833e-05,0.7575631658375506,0.8333333333333334,0.028330231045949,10,0.05
LSTM1_c897e628,LSTM1,LSTM,lt1,80,18,80.0,0.06942900928868276,0.001907066571890616,0.009433622163606707,-0.00013100608969663022,-2.7052807875403833e-05,0.7575631658375506,0.8333333333333334,0.028330231045949,10,0.05
LSTM1_021fcbe2,LSTM1,LSTM,lt1,80,18,80.0,0.06592060252970867,0.0012836161490599471,0.008625079369562581,-6.576683447506536e-05,-2.1121583258731612e-05,0.7072010824608438,0.7777777777777778,0.035268126820354455,10,0.05
LSTM1_4273303e,LSTM1,LSTM,lt1,80,18,80.0,0.06672539269043495,0.0012480126682968698,0.00876842105190674,-8.778463954958661e-05,-2.4161900498118965e-05,0.7305406970262476,0.8888888888888888,0.025496115336186356,10,0.05
LSTM1_a17a1b70,LSTM1,LSTM,lt1,80,18,80.0,0.06465778057408293,0.002172332467239707,0.008467766089971828,-1.1815455479918014e-06,-2.8743217645042602e-06,0.7334704119676897,0.8333333333333334,0.027632517740317553,10,0.05
LSTM1_a80d4239,LSTM1,LSTM,lt1,80,18,80.0,0.0653498797703921,0.0018347908355230837,0.008574693462023893,-2.2562392830478717e-06,-7.66140701385939e-08,0.7281970054449458,0.9444444444444444,0.02706050045244876,10,0.05
LSTM1_90944f5f,LSTM1,LSTM,lt2,80,17,80.0,0.072296299458144,0.002250832075989851,0.009967540021482035,-0.0001238323310089269,-2.7492031539533474e-05,0.6908582887508989,0.7647058823529411,0.03133069944034636,10,0.05
LSTM1_06b2f45b,LSTM1,LSTM,lt2,80,17,80.0,0.072296299458144,0.002250832075989851,0.009967540021482035,-0.0001238323310089269,-2.7492031539533474e-05,0.6908582887508989,0.7647058823529411,0.03133069944034636,10,0.05
LSTM1_aad20824,LSTM1,LSTM,lt2,80,17,80.0,0.0678375253189743,0.0026386502702297394,0.008888198900136283,-4.9799214169808036e-05,-6.54965554730818e-06,0.8378667310029764,0.5882352941176471,0.03798732600669754,10,0.05
LSTM1_e66f4772,LSTM1,LSTM,lt2,80,17,80.0,0.06929528603308077,0.0030151740669119476,0.009306040132065029,-9.376018661313549e-07,9.545853662279245e-06,0.7792669375185832,0.7647058823529411,0.031912323563224834,10,0.05
LSTM1_bc20209c,LSTM1,LSTM,lt2,80,17,80.0,0.06598294542459976,0.0035925144312523995,0.008657182182876581,6.870508288250288e-05,2.913524953790356e-05,0.7522248872358653,0.8823529411764706,0.026025183768031552,10,0.05
LSTM1_87b28798,LSTM1,LSTM,lt2,80,17,80.0,0.06517431153690739,0.0019290903553215643,0.008267416372317102,-4.678599543367898e-05,-1.5943190185040388e-05,0.7440395733168537,0.7647058823529411,0.029110052834254038,10,0.05
LSTM10_e5b9fa98,LSTM10,LSTM,lt1,20,18,20.0,0.22998798076873822,0.02436523829279485,0.1122799955029158,-0.00486661899619259,-0.0043710966755825115,0.7609261463341195,0.05555555555555555,0.19852079724370644,10,0.05
LSTM10_4f91801d,LSTM10,LSTM,lt1,20,18,20.0,0.2207691371721471,0.013300827625237344,0.10239592205841785,-0.0062523166431134375,-0.005762866210055637,0.7412729624958413,0.0,0.2513914876518099,10,0.05
LSTM10_d93cabaa,LSTM10,LSTM,lt1,20,18,20.0,0.2059408402341521,0.014755179708847703,0.083116780454897,-0.005995818777334881,-0.005292254466119204,0.7936666698335633,0.0,0.25668952672639733,10,0.05
LSTM10_667dd2c3,LSTM10,LSTM,lt1,20,18,20.0,0.22383266305115784,0.02125045809503777,0.10181190244366352,-0.005419838860538174,-0.005165208398391844,0.6786055885055675,0.05555555555555555,0.22554024014219054,10,0.05
LSTM10_e2b93838,LSTM10,LSTM,lt1,20,18,20.0,0.19669018394677643,0.01431213301098007,0.07549513610326374,-0.004387629861518002,-0.003727141258320401,0.7856249547902197,0.0,0.20650441395244482,10,0.05
LSTM10_24c01c17,LSTM10,LSTM,lt1,20,18,20.0,0.1932139372335876,0.012303118091592841,0.07246120487569963,-0.004997890634930138,-0.00424967473129021,0.7466835649859819,0.0,0.23929355887251466,10,0.05
LSTM10_13d8312e,LSTM10,LSTM,lt2,20,18,20.0,0.2094085199350064,0.019173361753303475,0.08614778632391977,-0.007648495099001972,-0.007119162992482101,0.767257246273489,0.0,0.31412174973191287,10,0.05
LSTM10_315cbe24,LSTM10,LSTM,lt2,20,18,20.0,0.22211264551324464,0.024765422779201705,0.09933667110253984,-0.006310752784854532,-0.005461558562724465,0.6850829286113302,0.0,0.26091239546794437,10,0.05
LSTM10_75e3f941,LSTM10,LSTM,lt2,20,18,20.0,0.1913226544823441,0.0201821750175579,0.06963579833659454,-0.006398066881899916,-0.00518520910745665,0.7630832570058318,0.05555555555555555,0.29571000374086664,10,0.05
LSTM10_a14420fe,LSTM10,LSTM,lt2,20,18,20.0,0.19362338134197732,0.017482530228530496,0.06917911804891848,-0.006090865599407043,-0.0050452608399840105,0.7645041726369325,0.0,0.27457164039259235,10,0.05
LSTM10_14b4bbdd,LSTM10,LSTM,lt2,20,18,20.0,0.1731664688803308,0.016105034551555215,0.05615405607350213,-0.004370346733645905,-0.0030387505600035346,0.7712822376446106,0.0,0.22407567579307683,10,0.05
LSTM10_e4f51a33,LSTM10,LSTM,lt2,20,18,20.0,0.17450658488920792,0.015146512746001248,0.05777495236755709,-0.0056088329312984665,-0.003931438795400998,0.7707191110014269,0.05555555555555555,0.28802870049790935,10,0.05
LSTM11_671c5a71,LSTM11,LSTM,lt1,20,18,20.0,0.24621473066548002,0.015244841838655732,0.12415152943932302,-0.0038370506456628798,-0.003184608745380747,0.7127036618896591,0.05555555555555555,0.14780461652966634,10,0.05
LSTM11_caeb7b3a,LSTM11,LSTM,lt1,20,18,20.0,0.23865233784921353,0.01800043437490937,0.11852760256603141,-0.005249746927097055,-0.004728333105746409,0.6887544386194921,0.05555555555555555,0.20210515667392684,10,0.05
LSTM11_82fbdd4f,LSTM11,LSTM,lt1,20,18,20.0,0.2319822578608132,0.015991897973995937,0.10648740787979269,-0.00397109444758185,-0.003346669767831383,0.7265871553482431,0.1111111111111111,0.16114910350773576,10,0.05
LSTM11_a3b79c56,LSTM11,LSTM,lt1,20,18,20.0,0.24472122895201695,0.01836681653343066,0.11822951468630825,-0.003833918468276352,-0.003031988446484658,0.714106468470495,0.1111111111111111,0.15306585965966896,10,0.05
LSTM11_0dd110f8,LSTM11,LSTM,lt1,20,18,20.0,0.21586702823165196,0.016283152130068722,0.09286213127396992,-0.0038075230100046618,-0.0033564324929773867,0.7811056401310636,0.0,0.16159999227155677,10,0.05
LSTM11_ade0dab4,LSTM11,LSTM,lt1,20,18,20.0,0.22162084589951356,0.01899889836609121,0.09686737941238768,-0.004721210905175175,-0.004118068564546908,0.71948265274091,0.16666666666666666,0.19675878505578095,10,0.05
LSTM11_a0b60690,LSTM11,LSTM,lt2,20,18,20.0,0.28407257227363775,0.015866033939151886,0.1896914091795597,-0.005758894768390266,-0.005971394978445479,0.656546205122719,0.0,0.18482222637272738,10,0.05
LSTM11_4c04c95b,LSTM11,LSTM,lt2,20,18,20.0,0.2906468398352072,0.015051583816552978,0.19301288502433736,-0.005556149318596825,-0.005636622587178996,0.760310119538008,0.0,0.17800235262442995,10,0.05
LSTM11_f33fb36c,LSTM11,LSTM,lt2,20,18,20.0,0.22830891058921474,0.026300377568570482,0.10566398425370732,-0.005968820036474299,-0.005408561877504092,0.7638957066577741,0.0,0.23751138782855705,10,0.05
LSTM11_99226d62,LSTM11,LSTM,lt2,20,18,20.0,0.22747517593024127,0.017368738397336905,0.10385597297232632,-0.0062608164308942975,-0.006030755830738745,0.7490084303158686,0.05555555555555555,0.24570640403124555,10,0.05
LSTM11_210d914a,LSTM11,LSTM,lt2,20,18,20.0,0.2093676121142239,0.012390241113772722,0.08623947743832987,-0.0042022145902750685,-0.0035543410392194475,0.7646826498556875,0.16666666666666666,0.1875484934068053,10,0.05
LSTM11_dbccd530,LSTM11,LSTM,lt2,20,18,20.0,0.2110184708056429,0.017988807711688894,0.08756008600747925,-0.005317141127576746,-0.004844527493668584,0.7067816397496426,0.0,0.22635797417604453,10,0.05
LSTM12_7a0b0e4c,LSTM12,LSTM,lt1,20,18,20.0,0.2516206516450382,0.014839532302061285,0.12250660962590763,-0.004732940853194997,-0.0051356287779568315,0.7523478461867293,0.05555555555555555,0.18008654268672408,10,0.05
LSTM12_54c0c089,LSTM12,LSTM,lt1,20,18,20.0,0.2430085271791267,0.023223002082036776,0.11951374008193298,-0.005415911484686416,-0.00498727383855261,0.7105289577260204,0.05555555555555555,0.20333791687353933,10,0.05
LSTM12_077261d7,LSTM12,LSTM,lt1,20,18,20.0,0.23132725529444656,0.01140608444009179,0.1045583946602971,-0.005220237508356371,-0.0050954899891603725,0.8034457161197074,0.0,0.20658412718998975,10,0.05
LSTM12_2d563dc8,LSTM12,LSTM,lt1,20,18,20.0,0.2388550666217283,0.02257964305634539,0.11182017925032192,-0.0054636808621665485,-0.0050803023456965045,0.7412876580919245,0.0,0.20995667624251926,10,0.05
LSTM12_0704d4cc,LSTM12,LSTM,lt1,20,18,20.0,0.2304939906562453,0.0195749478570753,0.10082460852449232,-0.0038435088435600784,-0.003362337793323447,0.6964342598938424,0.0,0.16031259706596238,10,0.05
LSTM12_7c2f1ff6,LSTM12,LSTM,lt1,20,18,20.0,0.22663947365344653,0.01725914512489124,0.09770982916477543,-0.003966321140974428,-0.0034561076782615003,0.6954555046740938,0.16666666666666666,0.16251533507797877,10,0.05
LSTM12_c83fc53f,LSTM12,LSTM,lt2,20,18,20.0,0.23822267264054992,0.020949515101943754,0.11061880878803572,-0.005862433231749787,-0.005579224049801317,0.7359409185078564,0.0,0.23345591594738144,10,0.05
LSTM12_4481c03f,LSTM12,LSTM,lt2,20,18,20.0,0.24154371914942724,0.014596366268807445,0.11102773001715426,-0.005420545996166434,-0.005969155559144185,0.6995844723563406,0.1111111111111111,0.2059127410123622,10,0.05
LSTM12_cd87b298,LSTM12,LSTM,lt2,20,18,20.0,0.23018550885299177,0.01908514265714121,0.1016940343658667,-0.0036319036942552155,-0.0030715915201739966,0.7189453016319143,0.1111111111111111,0.15198784131663567,10,0.05
LSTM12_9e3baa6a,LSTM12,LSTM,lt2,20,18,20.0,0.22845294234351451,0.017306412540780823,0.09762976816092755,-0.005414534748221604,-0.004881441523191983,0.728776131345326,0.0,0.217678350493512,10,0.05
LSTM12_059f9bdd,LSTM12,LSTM,lt2,20,18,20.0,0.22265042712635902,0.020968078040972442,0.09442827038532729,-0.002878011788569671,-0.0025202694412973306,0.7322623438916043,0.1111111111111111,0.12218755298105838,10,0.05
LSTM12_4d77d185,LSTM12,LSTM,lt2,20,18,20.0,0.22450342196769763,0.013929408824382788,0.09463245181620945,-0.003841714616859934,-0.003312897207434653,0.6409013345452865,0.1111111111111111,0.16256546881679132,10,0.05
LSTM13_a5eecb4a,LSTM13,LSTM,lt1,20,18,20.0,0.06942929696120594,0.0020289130243656382,0.009464767671484652,-0.0008313302460164784,-0.0002114256906873657,0.7460447119618182,0.0,0.113481342272793,10,0.05
LSTM13_a39b636b,LSTM13,LSTM,lt1,20,18,20.0,0.06942929696120594,0.0020289130243656382,0.009464767671484652,-0.0008313302460164784,-0.0002114256906873657,0.7460447119618182,0.0,0.113481342272793,10,0.05
LSTM13_20320d39,LSTM13,LSTM,lt1,20,18,20.0,0.06781150573818359,0.0020845310370225297,0.009180387033386679,-0.0007019296267953126,-0.00015893370583540146,0.7299604029806854,0.0,0.09934296535223561,10,0.05
LSTM13_cffe5f6b,LSTM13,LSTM,lt1,20,18,20.0,0.06807373017972042,0.0021277686938801408,0.00919682698226217,-0.000819876237344188,-0.0001954374202922733,0.7699105457255313,0.05555555555555555,0.11416936944027532,10,0.05
LSTM13_2c490616,LSTM13,LSTM,lt1,20,18,20.0,0.06526895005703169,0.0024266242732001496,0.008647550905953531,-0.0005684962387242971,-0.00011713628341156014,0.7112392641655373,0.1111111111111111,0.08460272206753389,10,0.05
LSTM13_7deb174c,LSTM13,LSTM,lt2,20,17,20.0,0.07430407711691125,0.003959115114777455,0.009949073413311117,-0.000938401150087844,-0.00024493584158678886,0.7616523364645345,0.0,0.12157242305317796,10,0.05
LSTM13_3a1670e3,LSTM13,LSTM,lt2,20,17,20.0,0.07430407711691125,0.003959115114777455,0.009949073413311117,-0.000938401150087844,-0.00024493584158678886,0.7616523364645345,0.0,0.12157242305317796,10,0.05
LSTM13_c331fa2b,LSTM13,LSTM,lt2,20,17,20.0,0.07202076837245452,0.003421696130847993,0.00952801819875856,-0.0008179901607591969,-0.00019159579333848822,0.8253939394527082,0.058823529411764705,0.10955863516134648,10,0.05
LSTM13_2df736d5,LSTM13,LSTM,lt2,20,17,20.0,0.07170551821415694,0.0021307635995523695,0.009359907999205212,-0.000923159981956904,-0.00023381254886219028,0.7206370533519031,0.058823529411764705,0.12308137550046462,10,0.05
LSTM13_6ef795b5,LSTM13,LSTM,lt2,20,17,20.0,0.06634093221578256,0.0027263489344283628,0.008260258851775075,-0.00072139709826381,-0.0001644501879125991,0.7105398551489357,0.11764705882352941,0.1040909151992844,10,0.05
LSTM13_8f586885,LSTM13,LSTM,lt2,20,17,20.0,0.06814427241400259,0.003553123672889659,0.008610796060166417,-0.0006249592019322759,-0.00013794914356052366,0.7367380901900992,0.11764705882352941,0.0893928229664667,10,0.05
LSTM13_41ab3816,LSTM13,LSTM,lt1,20,18,20.0,0.06626842095330865,0.003306948696187178,0.008888920462992621,-0.0007499934847308076,-0.0001724331870374341,0.6969015815610468,0.0,0.10837369646810907,10,0.05
LSTM14_42a28093,LSTM14,LSTM,lt1,20,18,20.0,0.06865751924292805,0.0021667449031764945,0.009354424019966917,-0.0007037088007507117,-0.00015742434751451147,0.6544820679850114,0.1111111111111111,0.09779029992306187,10,0.05
LSTM14_99539f00,LSTM14,LSTM,lt1,20,18,20.0,0.06865751924292805,0.0021667449031764945,0.009354424019966917,-0.0007037088007507117,-0.00015742434751451147,0.6544820679850114,0.1111111111111111,0.09779029992306187,10,0.05
LSTM14_b20b5f61,LSTM14,LSTM,lt1,20,18,20.0,0.06677328280096459,0.002951990402003509,0.00898165007673984,-0.0007614930467912892,-0.00018147482406637736,0.7956790416921754,0.0,0.10979841579301032,10,0.05
LSTM14_60f14c9a,LSTM14,LSTM,lt1,20,18,20.0,0.06670129072544079,0.002296615914885937,0.008833818198895588,-0.0008708117257363482,-0.00021915870434917968,0.7809705918929981,0.0,0.1226937365972957,10,0.05
LSTM14_9d5fb254,LSTM14,LSTM,lt1,20,18,20.0,0.06440419380382498,0.0018944052922315422,0.00847460791578641,-0.0006945540433060816,-0.00014547812065287646,0.7917757042315507,0.0,0.10317642658247188,10,0.05
LSTM14_2a7bb76f,LSTM14,LSTM,lt1,20,18,20.0,0.06567598126979246,0.0023457519075419184,0.008706458879476449,-0.000724034345576035,-0.0001740959296480729,0.7513297103331771,0.05555555555555555,0.1061497317277054,10,0.05
LSTM14_e975c391,LSTM14,LSTM,lt2,20,17,20.0,0.0713506697596451,0.0036440632619746905,0.009222509433063995,-0.0007679792587089358,-0.00018427126300107977,0.8256870464395017,0.058823529411764705,0.1040623539551984,10,0.05
LSTM14_0a300db4,LSTM14,LSTM,lt2,20,17,20.0,0.0713506697596451,0.0036440632619746905,0.009222509433063995,-0.0007679792587089358,-0.00018427126300107977,0.8256870464395017,0.058823529411764705,0.1040623539551984,10,0.05
LSTM14_166dbc0b,LSTM14,LSTM,lt2,20,17,20.0,0.06852759061677027,0.002927893126600196,0.008612284915898983,-0.0008186270100429642,-0.00018631332255940263,0.7014180547322852,0.058823529411764705,0.11457786266496899,10,0.05
LSTM14_9d848e5f,LSTM14,LSTM,lt2,20,17,20.0,0.0696254985397039,0.0019546348153812367,0.008891635215376724,-0.000842953911124949,-0.00019562804043258257,0.7586669683134248,0.0,0.11466916596639759,10,0.05
LSTM14_de5f249a,LSTM14,LSTM,lt2,20,17,20.0,0.06618246596808461,0.0036522117265600142,0.008208858564190477,-0.0005195178061565246,-0.00011079130778819298,0.8093936221524283,0.23529411764705882,0.08639558282220072,10,0.05
LSTM14_418466f7,LSTM14,LSTM,lt2,20,17,20.0,0.06658385263956584,0.002666556695732099,0.008273071914904243,-0.0006972875192998966,-0.00015372743409595679,0.7480320251956325,0.11764705882352941,0.10046122274568467,10,0.05
LSTM15_f2cdca77,LSTM15,LSTM,lt1,20,18,20.0,0.07503201344626888,0.0023909099795207983,0.010865134418275533,-0.0009792021552829985,-0.0002695511338212923,0.767323844389364,0.05555555555555555,0.12352848985457615,10,0.05
LSTM15_26c934f0,LSTM15,LSTM,lt1,20,18,20.0,0.07503201344626888,0.0023909099795207983,0.010865134418275533,-0.0009792021552829985,-0.0002695511338212923,0.767323844389364,0.05555555555555555,0.12352848985457615,10,0.05
LSTM15_69708350,LSTM15,LSTM,lt2,20,17,20.0,0.07259856408608867,0.0027039594479892513,0.009920455412289994,-0.0008708776242532523,-0.00022582035096073538,0.7523171051168271,0.0,0.11337843602296029,10,0.05
LSTM15_87a39178,LSTM15,LSTM,lt2,20,17,20.0,0.06877573313111106,0.0021483065315481276,0.009035787019003576,-0.0007507863178209159,-0.00017595482352641465,0.7281597322265695,0.058823529411764705,0.10401072818984318,10,0.05
LSTM15_f025f0f7,LSTM15,LSTM,lt1,20,18,20.0,0.07032229607275167,0.001836397705604357,0.009647029460566302,-0.0008542124904242213,-0.00021675365326670552,0.7337988558320595,0.0,0.1153999941299902,10,0.05
LSTM15_e295b00f,LSTM15,LSTM,lt2,20,17,20.0,0.0670792091643599,0.0015749733489913366,0.008655891270230635,-0.0006689233877037016,-0.00016257634530053976,0.7327545865687142,0.058823529411764705,0.09483899253663684,10,0.05
LSTM15_62f8f787,LSTM15,LSTM,lt1,20,18,20.0,0.06961035043254041,0.0015364902063492495,0.009428016132526754,-0.0007285633564309517,-0.0001808942089940769,0.7601836539889352,0.05555555555555555,0.10067943124182169,10,0.05
LSTM15_9adc484b,LSTM15,LSTM,lt2,20,17,20.0,0.07872856557504859,0.0020760846401297033,0.011475586373161905,-0.0011424375914813217,-0.0003378834319252621,0.7171667856437525,0.0,0.13593333984759537,10,0.05
LSTM15_a2ecd335,LSTM15,LSTM,lt1,20,18,20.0,0.06812452008549265,0.0015055584175588956,0.009190634537354506,-0.0007069432371054364,-0.00018424691930283101,0.6833098142298416,0.05555555555555555,0.09915837838053024,10,0.05
LSTM15_b281d86d,LSTM15,LSTM,lt2,20,17,20.0,0.07872856557504859,0.0020760846401297033,0.011475586373161905,-0.0011424375914813217,-0.0003378834319252621,0.7171667856437525,0.0,0.13593333984759537,10,0.05
LSTM15_fb74351e,LSTM15,LSTM,lt1,20,18,20.0,0.06746113696719397,0.0016934778306715505,0.00912792634719067,-0.0005698409548807545,-0.0001225999247299693,0.784465493815411,0.05555555555555555,0.08156765721204101,10,0.05
LSTM15_a6013968,LSTM15,LSTM,lt2,20,17,20.0,0.07194435595327925,0.0027533203447724953,0.0097726443337638,-0.0009561995345571525,-0.00023786244008777835,0.7739557033600097,0.0,0.12693806547703745,10,0.05
LSTM16_84461ea9,LSTM16,LSTM,lt1,20,18,20.0,0.06713635269582913,0.0020332920371883066,0.008988719884677572,-0.0005666585853911691,-0.00012418175875036008,0.6364912764627915,0.05555555555555555,0.08185447822391756,10,0.05
LSTM16_a489f6f3,LSTM16,LSTM,lt2,20,17,20.0,0.07024512618093841,0.0026284717418402696,0.00939756356826876,-0.0005687007462821509,-0.00011946923005126947,0.7243529012419722,0.23529411764705882,0.07798041869355844,10,0.05
LSTM16_55cdb14e,LSTM16,LSTM,lt1,20,18,20.0,0.0716698474517876,0.0017091285670364762,0.009949384188553572,-0.0007564973538430086,-0.00018251195927598823,0.7665073958327808,0.05555555555555555,0.10138740080636215,10,0.05
LSTM16_e5e62142,LSTM16,LSTM,lt2,20,17,20.0,0.07062776222534814,0.0024689829924785175,0.009397358679498435,-0.0006695444406553617,-0.00016683422129859973,0.7842794718430101,0.058823529411764705,0.09107743947316602,10,0.05
LSTM16_abca9f1a,LSTM16,LSTM,lt2,20,17,20.0,0.0679549218434239,0.00234738102672857,0.008883833141769453,-0.0006456504893598022,-0.00014395399587529368,0.7537508921698024,0.17647058823529413,0.09080902139504954,10,0.05
LSTM16_9df43ac9,LSTM16,LSTM,lt2,20,17,20.0,0.07245199622926156,0.0020104961009323715,0.009728217275648501,-0.0008244779591763447,-0.0002025691136732352,0.8046226583822015,0.0,0.10896170621579786,10,0.05
LSTM16_f4556b49,LSTM16,LSTM,lt1,20,18,20.0,0.0716698474517876,0.0017091285670364762,0.009949384188553572,-0.0007564973538430086,-0.00018251195927598823,0.7665073958327808,0.05555555555555555,0.10138740080636215,10,0.05
LSTM16_53de63e5,LSTM16,LSTM,lt1,20,18,20.0,0.06885076908739945,0.0014097278097025153,0.009311423833252959,-0.0007138059135326151,-0.00017805727737983787,0.7152819626238661,0.1111111111111111,0.09992924267139378,10,0.05
LSTM16_6bf6ba97,LSTM16,LSTM,lt2,20,17,20.0,0.07245199622926156,0.0020104961009323715,0.009728217275648501,-0.0008244779591763447,-0.0002025691136732352,0.8046226583822015,0.0,0.10896170621579786,10,0.05
LSTM16_51a80a08,LSTM16,LSTM,lt1,20,18,20.0,0.06900796508369277,0.001502544817912703,0.009295144021742276,-0.0007112988382660143,-0.00017386679759562432,0.7963888477163431,0.05555555555555555,0.09801268678709557,10,0.05
LSTM16_6978840d,LSTM16,LSTM,lt1,20,18,20.0,0.06786526491923289,0.0017081470348052545,0.009190723450229721,-0.0005507395255386646,-0.00012307752839367877,0.736845355618422,0.05555555555555555,0.07859371266493281,10,0.05
LSTM16_82514c07,LSTM16,LSTM,lt2,20,17,20.0,0.06833774641532026,0.002467976335701575,0.009009523429245941,-0.000569892742628516,-0.00013167711897574846,0.7872343848190974,0.17647058823529413,0.08085222390029292,10,0.05
LSTM2_b8319c10,LSTM2,LSTM,lt1,80,18,80.0,0.06667836964259316,0.0022446728388177584,0.008813358673855468,-8.751326377693316e-05,-2.2517621379915656e-05,0.7575657651897489,0.7777777777777778,0.03273327323351327,10,0.05
LSTM2_55a2827b,LSTM2,LSTM,lt1,80,18,80.0,0.06667836964259316,0.0022446728388177584,0.008813358673855468,-8.751326377693316e-05,-2.2517621379915656e-05,0.7575657651897489,0.7777777777777778,0.03273327323351327,10,0.05
LSTM2_2bbde8fb,LSTM2,LSTM,lt1,80,18,80.0,0.06560968483632086,0.0028449101352538415,0.008593954607632534,-6.020900076816642e-05,-1.813781313840339e-05,0.7104014762748821,0.8333333333333334,0.03175063758949949,10,0.05
LSTM2_8c83506e,LSTM2,LSTM,lt1,80,18,80.0,0.06552076135042738,0.0021918920998899353,0.008540883731703204,-1.0190547570705306e-05,-3.280065220082541e-06,0.6821911437323278,0.9444444444444444,0.02236926602123717,10,0.05
LSTM2_0b4bf79f,LSTM2,LSTM,lt1,80,18,80.0,0.06331757760267809,0.0013780004104398333,0.008142098212404844,-0.00016322337546042907,-4.527650705576306e-05,0.6881544765492768,0.7222222222222222,0.031218248581183588,10,0.05
LSTM2_d54edb6f,LSTM2,LSTM,lt1,80,18,80.0,0.0652669579904252,0.0026460819041248295,0.008539187723700568,-3.933662264928318e-05,-8.057736858190576e-06,0.7878325591294506,0.8333333333333334,0.02848542162870838,10,0.05
LSTM2_7883a7bb,LSTM2,LSTM,lt2,80,17,80.0,0.06859151620978392,0.003999765233589207,0.00914738021699354,6.544919404739072e-05,3.070216340003118e-05,0.7159212317558715,0.8235294117647058,0.02298529248016588,10,0.05
LSTM2_9d9cf2e3,LSTM2,LSTM,lt2,80,17,80.0,0.06859151620978392,0.003999765233589207,0.00914738021699354,6.544919404739072e-05,3.070216340003118e-05,0.7159212317558715,0.8235294117647058,0.02298529248016588,10,0.05
LSTM2_2f3ee677,LSTM2,LSTM,lt2,80,17,80.0,0.06715584303585657,0.003063343587296438,0.008755754813654806,-2.934948850088059e-05,-7.155044368711455e-06,0.7844341256791756,0.8823529411764706,0.028180581979111673,10,0.05
LSTM2_0664b82f,LSTM2,LSTM,lt2,80,17,80.0,0.06683143962913964,0.0024735192876534314,0.008784242788659411,-1.908489234583836e-05,-1.242776773172424e-06,0.757793054969751,0.8235294117647058,0.03209944756930784,10,0.05
LSTM2_5c2ab02a,LSTM2,LSTM,lt2,80,17,80.0,0.06434806658675495,0.0017927648460705145,0.008247768238796253,-1.4081016851038534e-05,4.304772315642573e-06,0.7212197756331309,0.8823529411764706,0.028953564466434295,10,0.05
LSTM2_6dca368f,LSTM2,LSTM,lt2,80,17,80.0,0.06422004923850462,0.001996078176644494,0.008197928572194752,-0.00011754173046195816,-2.4053954264369267e-05,0.7453795306388243,0.8235294117647058,0.03322468410439011,10,0.05
LSTM3_e11d253c,LSTM3,LSTM,lt1,80,18,80.0,0.0745321581188724,0.001068194881074177,0.01053446591150529,-9.83210620273562e-05,-2.9080631170041345e-05,0.7254443714659615,0.8888888888888888,0.021551607922835954,10,0.05
LSTM3_0d734683,LSTM3,LSTM,lt1,80,18,80.0,0.0745321581188724,0.001068194881074177,0.01053446591150529,-9.83210620273562e-05,-2.9080631170041345e-05,0.7254443714659615,0.8888888888888888,0.021551607922835954,10,0.05
LSTM3_a737cd46,LSTM3,LSTM,lt1,80,18,80.0,0.07040051598243487,0.0014492793030910398,0.009676274066593292,-9.117960920136736e-05,-2.3565645182928298e-05,0.7792309662212036,1.0,0.02344566945592,10,0.05
LSTM3_5777c9eb,LSTM3,LSTM,lt1,80,18,80.0,0.07157711915965691,0.0017037371963672997,0.009936939884072491,-5.144317396662626e-05,-1.6566089349480902e-05,0.6770896582449505,0.8888888888888888,0.019260520190202163,10,0.05
LSTM3_65d61f04,LSTM3,LSTM,lt1,80,18,80.0,0.06794165512442235,0.001358223360462386,0.009229523574040435,-9.893586145809483e-05,-1.384270158285852e-05,0.7142541698163638,0.9444444444444444,0.022807893411030827,10,0.05
LSTM3_31f2b090,LSTM3,LSTM,lt1,80,18,80.0,0.06863812080126196,0.0016657825125143636,0.009357341369637614,-8.702310547016232e-05,-1.8768841637155304e-05,0.7151736147313313,0.9444444444444444,0.021333923881878044,10,0.05
LSTM3_5c039351,LSTM3,LSTM,lt2,80,18,80.0,0.07748960533863801,0.0018449971397886263,0.01124320637903333,-0.00017453900690943773,-4.931422200193515e-05,0.7625138942500986,0.8333333333333334,0.026192999759850018,10,0.05
LSTM3_58b37964,LSTM3,LSTM,lt2,80,18,80.0,0.07748960533863801,0.0018449971397886263,0.01124320637903333,-0.00017453900690943773,-4.931422200193515e-05,0.7625138942500986,0.8333333333333334,0.026192999759850018,10,0.05
LSTM3_47fa1c4e,LSTM3,LSTM,lt2,80,18,80.0,0.07137595780147668,0.001703689907927488,0.009727439012818367,-6.347452051454754e-05,-8.36657268295355e-06,0.7557441496813864,1.0,0.02355058605905765,10,0.05
LSTM3_cf43d4b9,LSTM3,LSTM,lt2,80,18,80.0,0.07258135098286983,0.002533162722811525,0.01003967086544453,-0.00012158670319774354,-2.4784452894126537e-05,0.7035016584269218,0.8888888888888888,0.022044456242567498,10,0.05
LSTM3_17d0b10c,LSTM3,LSTM,lt2,80,18,80.0,0.06827283735969741,0.001590925293094917,0.009131246606678679,-2.0337904142566854e-05,-8.72457752045164e-06,0.7279533512759749,0.8888888888888888,0.025266414638683725,10,0.05
LSTM3_e762c7cc,LSTM3,LSTM,lt2,80,18,80.0,0.06884440995630108,0.0014003847740817158,0.009356861360830568,-0.0001324287714980513,-4.0773294938704804e-05,0.7103107609252236,0.8333333333333334,0.02727658560601251,10,0.05
LSTM4_471c2e21,LSTM4,LSTM,lt1,80,18,80.0,0.07130934464361333,0.001044631612727263,0.009782346921616367,-0.00013678721050441436,-2.2617977814284065e-05,0.741608876061466,0.7777777777777778,0.02833038227082496,10,0.05
LSTM4_f26e42e0,LSTM4,LSTM,lt1,80,18,80.0,0.07130934464361333,0.001044631612727263,0.009782346921616367,-0.00013678721050441436,-2.2617977814284065e-05,0.741608876061466,0.7777777777777778,0.02833038227082496,10,0.05
LSTM4_7f17da1f,LSTM4,LSTM,lt1,80,18,80.0,0.06922998648305283,0.0011172267068098375,0.009400147294955828,-3.419862445810981e-05,-1.2915563523042124e-05,0.7882639927990165,0.8888888888888888,0.019954937999464233,10,0.05
LSTM4_0ce14d1c,LSTM4,LSTM,lt1,80,18,80.0,0.07051569213242942,0.0018717219270847696,0.00962795755769658,-5.243169033860251e-05,-1.8469315622867464e-05,0.7271078833013774,0.8888888888888888,0.019187225639015662,10,0.05
LSTM4_4045bebd,LSTM4,LSTM,lt1,80,18,80.0,0.06783852100883647,0.0018020232399796393,0.009215025780509017,-0.00010414640662437283,-3.187922306534347e-05,0.6784451208885158,0.8333333333333334,0.02548533679139635,10,0.05
LSTM4_c88bc0e2,LSTM4,LSTM,lt1,80,18,80.0,0.06840020607632592,0.001414447196665177,0.00932784055149945,-5.162465695100184e-05,-9.563575225541863e-06,0.7680827760574354,1.0,0.016603979166342632,10,0.05
LSTM4_4e35eb65,LSTM4,LSTM,lt2,80,18,80.0,0.07230031742719935,0.002040258116194932,0.009857540000883574,1.7148127474330988e-06,-5.0758489879633565e-06,0.7808560893752761,0.7222222222222222,0.031214965357158682,10,0.05
LSTM4_5c698dac,LSTM4,LSTM,lt2,80,18,80.0,0.07230031742719935,0.002040258116194932,0.009857540000883574,1.7148127474330988e-06,-5.0758489879633565e-06,0.7808560893752761,0.7222222222222222,0.031214965357158682,10,0.05
LSTM4_2f2a4e4b,LSTM4,LSTM,lt2,80,18,80.0,0.06952065494315934,0.0024057374497988807,0.009432082250360706,-0.0001533582422451817,-2.7936900588822844e-05,0.7577929865307922,0.8333333333333334,0.032924793648681894,10,0.05
LSTM4_1adcbc2f,LSTM4,LSTM,lt2,80,18,80.0,0.06952422249578949,0.0017604281318299138,0.009380548548770306,-0.00023712787366688974,-4.847193104838847e-05,0.7450575100280639,0.6666666666666666,0.036434693174607485,10,0.05
LSTM4_d2c60246,LSTM4,LSTM,lt2,80,18,80.0,0.06736638761277643,0.001833699239971941,0.00905098333124434,-0.00011086949108299958,-2.626483757265065e-05,0.7081701213542995,0.8888888888888888,0.026393116939295393,10,0.05
LSTM4_7194d9ea,LSTM4,LSTM,lt2,80,18,80.0,0.06803189070381188,0.0011749713245183466,0.00909942693061481,-0.00012067418705349883,-3.396881559051764e-05,0.7360801665733478,0.9444444444444444,0.02759431598549478,10,0.05
LSTM5_ed7a8f5b,LSTM5,LSTM,lt1,80,18,80.0,0.08085860598862048,0.0025165620644565677,0.012254138297018678,-0.00011375023290233728,-2.636118983835398e-05,0.7336906610485633,0.9444444444444444,0.021035957841790045,10,0.05
LSTM5_20c5b639,LSTM5,LSTM,lt1,80,18,80.0,0.08085860598862048,0.0025165620644565677,0.012254138297018678,-0.00011375023290233728,-2.636118983835398e-05,0.7336906610485633,0.9444444444444444,0.021035957841790045,10,0.05
LSTM5_1d631944,LSTM5,LSTM,lt1,80,18,80.0,0.07427094530268372,0.0009981533664703928,0.010521604882957315,-9.882742527343736e-05,-1.70878021620025e-05,0.702141828092081,0.9444444444444444,0.0170382995013802,10,0.05
LSTM5_bb47e539,LSTM5,LSTM,lt1,80,18,80.0,0.07642447058549552,0.001242489584586748,0.01102039510472974,-3.3144232489565414e-05,-4.880694278540328e-06,0.6717374926769666,1.0,0.018768850293150483,10,0.05
LSTM5_f23f455b,LSTM5,LSTM,lt1,80,18,80.0,0.07197013311868407,0.0020990265328668235,0.010256213548732466,-3.5075859437739135e-05,-2.454132520057184e-06,0.7358906637459746,0.8888888888888888,0.02320319406944949,10,0.05
LSTM5_c7640be2,LSTM5,LSTM,lt1,80,18,80.0,0.07276803063182202,0.0012258129552808264,0.010209436187044198,3.2669435700774716e-06,1.236883843926553e-06,0.7611649234907458,1.0,0.016221434816815816,10,0.05
LSTM5_dee805ee,LSTM5,LSTM,lt2,80,18,80.0,0.0845235766405123,0.0027435059960959317,0.013342369269005316,-0.00024416961024706927,-6.411584941713016e-05,0.7130249372014736,0.7222222222222222,0.03385799786163236,10,0.05
LSTM5_dd61e5b5,LSTM5,LSTM,lt2,80,18,80.0,0.0845235766405123,0.0027435059960959317,0.013342369269005316,-0.00024416961024706927,-6.411584941713016e-05,0.7130249372014736,0.7222222222222222,0.03385799786163236,10,0.05
LSTM5_e64aec3a,LSTM5,LSTM,lt2,80,18,80.0,0.07505510371669197,0.0014301478307425695,0.010600332410582483,-0.00016574551542807998,-4.43593663071799e-05,0.7631750339250554,0.7777777777777778,0.026323493668057696,10,0.05
LSTM5_c6769266,LSTM5,LSTM,lt2,80,18,80.0,0.07693615337376249,0.0020762334666053358,0.011068921947805194,-0.00017545562068534972,-4.6401913467806664e-05,0.7276316805214045,0.7222222222222222,0.03557395516290035,10,0.05
LSTM5_0470318e,LSTM5,LSTM,lt2,80,18,80.0,0.0712037315938819,0.001362201744662526,0.009810441364838357,-5.19721927548119e-05,-1.5042069961310256e-05,0.7048322826596061,0.8888888888888888,0.026182239061958695,10,0.05
LSTM5_6c330f22,LSTM5,LSTM,lt2,80,18,80.0,0.07217575604755382,0.0017759095224210908,0.009994194302874734,-0.00014733288067184612,-3.6219145360102596e-05,0.733326034494794,0.9444444444444444,0.029645447915428478,10,0.05
LSTM6_fe938b54,LSTM6,LSTM,lt1,80,18,80.0,0.07666311006493283,0.002039891956918684,0.011114296796499194,-5.127630952141385e-05,-9.565051625164546e-06,0.715049086433278,0.9444444444444444,0.016315218836878614,10,0.05
LSTM6_1c5d1b6c,LSTM6,LSTM,lt1,80,18,80.0,0.07666311006493283,0.002039891956918684,0.011114296796499194,-5.127630952141385e-05,-9.565051625164546e-06,0.715049086433278,0.9444444444444444,0.016315218836878614,10,0.05
LSTM6_5a731532,LSTM6,LSTM,lt1,80,18,80.0,0.07400257461383437,0.0013052826147723615,0.010535505677983906,-1.3436553462170886e-05,4.006746674726965e-06,0.8248510930468383,0.9444444444444444,0.02169155432840323,10,0.05
LSTM6_01251ec3,LSTM6,LSTM,lt1,80,18,80.0,0.07398864679024274,0.0018270913883472672,0.010459425329238983,-7.469796797378626e-05,-1.7688692477457765e-05,0.7030671463767817,0.8333333333333334,0.030316101402554554,10,0.05
LSTM6_6790598b,LSTM6,LSTM,lt1,80,18,80.0,0.07149509393388784,0.0019108037305495557,0.010004234714318523,-3.576902237203843e-05,-1.2730371323572827e-05,0.6159755990635563,0.8333333333333334,0.03206799958751514,10,0.05
LSTM6_6e20623a,LSTM6,LSTM,lt1,80,18,80.0,0.07165448194887747,0.0013925617665940387,0.010066226122133783,-0.000126308791004207,-2.577564669662471e-05,0.7218067632692222,0.9444444444444444,0.02408508912038484,10,0.05
LSTM6_bdba9949,LSTM6,LSTM,lt2,80,18,80.0,0.07606697092682164,0.0013115709495037447,0.010794160358625696,-0.00015713020039620037,-3.8471825428022555e-05,0.7556582502768345,0.9444444444444444,0.022164954178693755,10,0.05
LSTM6_0a93d11c,LSTM6,LSTM,lt2,80,18,80.0,0.07606697092682164,0.0013115709495037447,0.010794160358625696,-0.00015713020039620037,-3.8471825428022555e-05,0.7556582502768345,0.9444444444444444,0.022164954178693755,10,0.05
LSTM6_5a3e8ff7,LSTM6,LSTM,lt2,80,18,80.0,0.07324035532252117,0.0017133961920776965,0.010197090062766423,-0.00010086380653351463,-2.996542485100752e-05,0.719301861891752,0.9444444444444444,0.022821261693096756,10,0.05
LSTM6_f74feac3,LSTM6,LSTM,lt2,80,18,80.0,0.07395289094630858,0.0013058181667901854,0.010386813385580347,-9.59957179152697e-05,-2.6118789938452523e-05,0.711997284428541,0.8888888888888888,0.022633054110459697,10,0.05
LSTM6_b67842d0,LSTM6,LSTM,lt2,80,18,80.0,0.07029228793168198,0.0015570418703495957,0.00965867254791203,-0.000150061711214048,-3.974028158532829e-05,0.7052584712946797,0.8888888888888888,0.02690917907101447,10,0.05
LSTM6_d640eda3,LSTM6,LSTM,lt2,80,18,80.0,0.07160049973057783,0.0015213072786095401,0.009886120656099456,-8.509897627416866e-05,-1.559509685572956e-05,0.7673382028647588,0.9444444444444444,0.019492508823542323,10,0.05
LSTM7_4d83894b,LSTM7,LSTM,lt1,20,18,20.0,0.21008259831907589,0.016117536086958033,0.09782211284617749,-0.005017090469112332,-0.004159748103387523,0.7441965052154478,0.0,0.2214338652115893,10,0.05
LSTM7_07154f5e,LSTM7,LSTM,lt1,20,18,20.0,0.20818986152862803,0.017433977905107798,0.09867819238936806,-0.004743003181577322,-0.0034898387820330367,0.7848460681214232,0.0,0.20968867917506867,10,0.05
LSTM7_a99ec70b,LSTM7,LSTM,lt1,20,18,20.0,0.1858871383167066,0.01554268978460203,0.06963709708129179,-0.004770546593838628,-0.003892937461709057,0.7843754737068624,0.05555555555555555,0.23118780063669955,10,0.05
LSTM7_6f558865,LSTM7,LSTM,lt1,20,18,20.0,0.1891469335875196,0.01132072260778651,0.0740026430189235,-0.004985058105587724,-0.00394897267253307,0.7866577613729908,0.0,0.2407695789040554,10,0.05
LSTM7_67b72770,LSTM7,LSTM,lt1,20,18,20.0,0.17183020419887565,0.014365997937071311,0.05945054145425589,-0.0038152939495733748,-0.002967135935390685,0.7254733272832401,0.0,0.19985735335723698,10,0.05
LSTM7_71222712,LSTM7,LSTM,lt1,20,18,20.0,0.17563806729335216,0.012742854598190679,0.06280831016369152,-0.004692204791041508,-0.003646709029373066,0.7179427989769209,0.05555555555555555,0.24392544133394908,10,0.05
LSTM7_ee5fdcc4,LSTM7,LSTM,lt2,20,18,20.0,0.24709468568268939,0.018167727067593873,0.1451663135307408,-0.006428953016410095,-0.0068259846423613345,0.7779097210544186,0.05555555555555555,0.23367787012016222,10,0.05
LSTM7_2d73282b,LSTM7,LSTM,lt2,20,18,20.0,0.24720215439822976,0.018121026040996916,0.1441534628790657,-0.006538936584057718,-0.007446601360593096,0.7732582649712731,0.0,0.23744159908525145,10,0.05
LSTM7_bc7a1d9a,LSTM7,LSTM,lt2,20,18,20.0,0.1739669370562612,0.010786686486710677,0.05967134093433503,-0.005333301008886872,-0.0039035616172270493,0.7225984587354147,0.0,0.27048552751147054,10,0.05
LSTM7_a8dbf2a9,LSTM7,LSTM,lt2,20,18,20.0,0.18215597943247905,0.020730441820274316,0.06899302679318638,-0.0059981048831201055,-0.005124930599886191,0.8053575020593755,0.0,0.29190794548270504,10,0.05
LSTM7_efc89e5e,LSTM7,LSTM,lt2,20,18,20.0,0.15617406137506396,0.015043345371216021,0.046816641561193376,-0.00410174736818332,-0.0024287891737458,0.7383785509648116,0.0,0.2400788159043334,10,0.05
LSTM7_4ce9f0bc,LSTM7,LSTM,lt2,20,18,20.0,0.1593005625264582,0.014206052271461104,0.05047956042963499,-0.005078755152788074,-0.0035895259909941063,0.6578573102379334,0.0,0.2767440215547336,10,0.05
LSTM8_9e0bcf85,LSTM8,LSTM,lt1,20,18,20.0,0.20734936986974017,0.012519776182713126,0.08908074376017032,-0.0041334005068814315,-0.0039363600266569465,0.7475808074716425,0.05555555555555555,0.18668684300863286,10,0.05
LSTM8_95a21764,LSTM8,LSTM,lt1,20,18,20.0,0.2042436952348713,0.01331748836057291,0.08975489415302317,-0.0051374103847830295,-0.004400745755335474,0.7407463900781854,0.0,0.22592460852985377,10,0.05
LSTM8_7db78506,LSTM8,LSTM,lt1,20,18,20.0,0.1840855446872603,0.01240760965314679,0.06740000890041115,-0.005659546385380743,-0.004565337025479079,0.7294593298108724,0.05555555555555555,0.2697476342790986,10,0.05
LSTM8_9babfb3f,LSTM8,LSTM,lt1,20,18,20.0,0.1928394159918584,0.020885917820924395,0.0713580452535646,-0.0057039244472186345,-0.004812066958642775,0.7478589361576019,0.0,0.2676984450406804,10,0.05
LSTM8_14219d3e,LSTM8,LSTM,lt1,20,18,20.0,0.17283344458942665,0.012431070348255352,0.059762609634139534,-0.005086562366793773,-0.003500420347811819,0.718554504462748,0.0,0.2667799276999421,10,0.05
LSTM8_59b3d2a5,LSTM8,LSTM,lt1,20,18,20.0,0.18075781981459413,0.014906570841759255,0.06311160067135453,-0.004302125677799614,-0.0033837365599398575,0.769335998679824,0.0,0.2188746735068262,10,0.05
LSTM8_533e12de,LSTM8,LSTM,lt2,20,18,20.0,0.18911969504880036,0.01002550335215672,0.06846162773562986,-0.007434563150569528,-0.006323655536234051,0.7691815959149987,0.0,0.3414808124259005,10,0.05
LSTM8_4a17b70e,LSTM8,LSTM,lt2,20,18,20.0,0.18592287657218176,0.012058596860439297,0.06579898811687884,-0.00898197215421993,-0.008068367550142173,0.7508820346934878,0.0,0.4055127372586736,10,0.05
LSTM8_588f87ec,LSTM8,LSTM,lt2,20,18,20.0,0.17179607005233305,0.013454810623841976,0.055283136258685105,-0.00613377086591583,-0.004430380588349007,0.7450131192153483,0.0,0.31109140992871664,10,0.05
LSTM8_be562c6d,LSTM8,LSTM,lt2,20,18,20.0,0.17239781896958162,0.011627848589021005,0.05480722440714854,-0.006126693751457793,-0.004422633199394108,0.7945804513996761,0.05555555555555555,0.3163874007568758,10,0.05
LSTM8_1ca5e561,LSTM8,LSTM,lt2,20,18,20.0,0.15688399058044766,0.01624862530092061,0.04481594641574771,-0.003366219018085652,-0.002235008173011425,0.6671648618026249,0.05555555555555555,0.20630374310554628,10,0.05
LSTM8_79054ee9,LSTM8,LSTM,lt2,20,18,20.0,0.15937057565860605,0.012740967050306388,0.04580612134649927,-0.003964378244929105,-0.002699980235816024,0.7556958551675231,0.0,0.22437844212419464,10,0.05
LSTM9_cf7e25d2,LSTM9,LSTM,lt1,20,18,20.0,0.2123625666770295,0.012990976663456345,0.09914481584232498,-0.005818665589990949,-0.0047286107092082315,0.7985197821079901,0.0,0.24400283330551792,10,0.05
LSTM9_8cefcc10,LSTM9,LSTM,lt1,20,18,20.0,0.2210314204379539,0.015814443141614887,0.10232827232671476,-0.0047576629998188884,-0.003910290344269942,0.8346430376628461,0.05555555555555555,0.20008959907376964,10,0.05
LSTM9_0a78026a,LSTM9,LSTM,lt1,20,18,20.0,0.20019345838649294,0.017674137258844796,0.07847549660349046,-0.004214086019008779,-0.0036021898034625083,0.7207197856376804,0.05555555555555555,0.2000996466209149,10,0.05
LSTM9_10ff2129,LSTM9,LSTM,lt1,20,18,20.0,0.2052614036660945,0.0174062336913881,0.0845235693249346,-0.005177140220964021,-0.004029813079162936,0.7036540614996656,0.0,0.2286532515127474,10,0.05
LSTM9_6b4b35c1,LSTM9,LSTM,lt1,20,18,20.0,0.18668370622895572,0.014503663259564713,0.07055513485243879,-0.004729770802621176,-0.003612906884815089,0.6754591629529912,0.1111111111111111,0.22888334181531805,10,0.05
LSTM9_c7d9edca,LSTM9,LSTM,lt1,20,18,20.0,0.18922610026549475,0.01803328693542454,0.07166032921319482,-0.0045694831099196455,-0.003608474574032436,0.7134660807121114,0.16666666666666666,0.22074389606129888,10,0.05
LSTM9_bd61410e,LSTM9,LSTM,lt2,20,18,20.0,0.2601455245189088,0.018558899672684825,0.1649650994100655,-0.006089737340612075,-0.006367231422381091,0.7216943007010971,0.0,0.2153686639860892,10,0.05
LSTM9_7c68919e,LSTM9,LSTM,lt2,20,18,20.0,0.2546203747202906,0.018886754370800618,0.16130566832618215,-0.006419847981673938,-0.005844958008260967,0.6952166333117513,0.0,0.22383544721802867,10,0.05
LSTM9_5459641f,LSTM9,LSTM,lt2,20,18,20.0,0.1951416973801163,0.01822094104405207,0.07625513886947385,-0.005164847362781582,-0.004101202870996462,0.7547099125406078,0.0,0.23972718394022127,10,0.05
LSTM9_9d7d8fa8,LSTM9,LSTM,lt2,20,18,20.0,0.2008486759647249,0.012192436931883033,0.08361745741147963,-0.006242005697300349,-0.005216220350325418,0.713917941818213,0.0,0.2780252330875251,10,0.05
LSTM9_794ba22c,LSTM9,LSTM,lt2,20,18,20.0,0.17191744684103707,0.018545311997809684,0.05651333292851589,-0.004880105358238966,-0.0034156096927541475,0.7087488040598859,0.0,0.25614603821527426,10,0.05
LSTM9_32ec1f98,LSTM9,LSTM,lt2,20,18,20.0,0.17883160773441642,0.016230380610897578,0.0614364808316311,-0.00457103060656259,-0.003403089617248021,0.7000149958031047,0.0,0.22751052341095507,10,0.05
TCN1_bba44bd4,TCN1,TCN,lt1,40,18,40.0,0.04282573095029549,0.0017763026753797044,0.003741584948368611,-0.0003919916071668078,-7.082073644684235e-05,0.7728665227676763,0.05555555555555555,0.08844499619644908,10,0.05
TCN1_2e5bfeb5,TCN1,TCN,lt1,40,18,40.0,0.04282573095029549,0.0017763026753797044,0.003741584948368611,-0.0003919916071668078,-7.082073644684235e-05,0.7728665227676763,0.05555555555555555,0.08844499619644908,10,0.05
TCN1_359b9b46,TCN1,TCN,lt1,40,18,40.0,0.02696367700463153,0.0013051142775727554,0.0013653606093734334,-0.00024120128225172655,-2.497396109564193e-05,0.6835163738566293,0.0,0.08668631600298891,10,0.05
TCN1_527fc37a,TCN1,TCN,lt1,40,18,40.0,0.030670269045847947,0.0013310898558554927,0.0017966460603965608,-0.00027668327858626534,-3.41923831631836e-05,0.7800239220944492,0.0,0.08688113186013934,10,0.05
TCN1_893f3174,TCN1,TCN,lt1,40,18,40.0,0.021857842508384975,0.0011870934269288024,0.0009612151918524722,-0.00021332216293627548,-1.7968122109865464e-05,0.675706934536684,0.0,0.09389543756780815,10,0.05
TCN1_01493272,TCN1,TCN,lt1,40,18,40.0,0.0241325453028193,0.0013941665510304342,0.0011770962289893057,-0.0002232595101148034,-2.047059310298749e-05,0.7421329440932205,0.0,0.08891414509048097,10,0.05
TCN1_efab94c4,TCN1,TCN,lt2,40,17,40.0,0.05301818035374578,0.0015402638610622322,0.005972719412680017,-0.0004105261092022134,-9.678826820991708e-05,0.7417195282241041,0.058823529411764705,0.07502179343273167,10,0.05
TCN1_189a2578,TCN1,TCN,lt2,40,17,40.0,0.05301818035374578,0.0015402638610622322,0.005972719412680017,-0.0004105261092022134,-9.678826820991708e-05,0.7417195282241041,0.058823529411764705,0.07502179343273167,10,0.05
TCN1_30f7e70e,TCN1,TCN,lt2,40,17,40.0,0.032846490511588125,0.0013068971015566626,0.0020757716562201526,-0.0002623018037850046,-2.998684806699709e-05,0.7017136955755108,0.0,0.07767311015555642,10,0.05
TCN1_db2f53e0,TCN1,TCN,lt2,40,17,40.0,0.03541147709509615,0.0014329518443572116,0.0024953925074321236,-0.0002986852902813645,-4.005024638564007e-05,0.7226203355909109,0.058823529411764705,0.08130738628767593,10,0.05
TCN1_aa09c186,TCN1,TCN,lt2,40,17,40.0,0.021735933407581443,0.0011203258751099347,0.000977919459657653,-0.00019421409247488258,-1.5698227947939676e-05,0.7313857440987391,0.0,0.08608905037317793,10,0.05
TCN1_df189869,TCN1,TCN,lt2,40,17,40.0,0.026237817194882662,0.0013940419804070558,0.001382137085988394,-0.00023766723588784078,-2.4863603041875603e-05,0.7942668080882471,0.0,0.08749899123977058,10,0.05
TCN2_7fba62e1,TCN2,TCN,lt1,40,18,40.0,0.0332924317405143,0.0013106142015877136,0.0021267379887505615,-0.0002591904552266507,-3.162253724461782e-05,0.6629984803307425,0.05555555555555555,0.07578246872885015,10,0.05
TCN2_46a773c4,TCN2,TCN,lt1,40,18,40.0,0.0332924317405143,0.0013106142015877136,0.0021267379887505615,-0.0002591904552266507,-3.162253724461782e-05,0.6629984803307425,0.05555555555555555,0.07578246872885015,10,0.05
TCN2_39806782,TCN2,TCN,lt1,40,18,40.0,0.023644238142219585,0.0013887126639132252,0.0009973682007472498,-0.00020278640814145503,-1.7097402309689024e-05,0.7657653130500935,0.0,0.08282876661818284,10,0.05
TCN2_866dd95f,TCN2,TCN,lt1,40,18,40.0,0.02526938850158338,0.0010508702154107335,0.0011599890816517556,-0.00021469922632769747,-1.7888543000780887e-05,0.7451119665073372,0.05555555555555555,0.08229514185967028,10,0.05
TCN2_28f56bd8,TCN2,TCN,lt1,40,18,40.0,0.019078498628259874,0.001424194162137162,0.0006533173614599777,-0.00017341035517421408,-1.1372129560468942e-05,0.7700502289775601,0.0,0.08791447941143307,10,0.05
TCN2_bcd7d562,TCN2,TCN,lt1,40,18,40.0,0.02031224124697631,0.001630100588934571,0.0007456472032651779,-0.00017217182745433174,-1.2065336698736323e-05,0.7439598445476483,0.05555555555555555,0.08267852517027663,10,0.05
TCN2_b58a1fe9,TCN2,TCN,lt2,40,17,40.0,0.03872882767181146,0.0014386620229955968,0.002854795536358959,-0.0003080448329298194,-4.650920679723586e-05,0.7497241899526728,0.058823529411764705,0.07667786014471208,10,0.05
TCN2_d796e9cc,TCN2,TCN,lt2,40,17,40.0,0.03872882767181146,0.0014386620229955968,0.002854795536358959,-0.0003080448329298194,-4.650920679723586e-05,0.7497241899526728,0.058823529411764705,0.07667786014471208,10,0.05
TCN2_6b6d3d86,TCN2,TCN,lt2,40,17,40.0,0.029088037340567852,0.001849452668771443,0.0015580025319056293,-0.00022340797180343713,-2.4152885943969383e-05,0.6812317561138721,0.11764705882352941,0.07499527949074604,10,0.05
TCN2_ab1f3fcc,TCN2,TCN,lt2,40,17,40.0,0.03126969363352373,0.0012951134124173176,0.0018249517391085296,-0.00019933601448825995,-1.9777514075301093e-05,0.7294507134766768,0.17647058823529413,0.06259423368434013,10,0.05
TCN2_c4c54c71,TCN2,TCN,lt2,40,17,40.0,0.019978745406963653,0.0014479039335585627,0.0007253808092434647,-0.00016074917792324953,-1.0925081039306652e-05,0.6357954662855069,0.058823529411764705,0.07832323714703786,10,0.05
TCN2_0dba5821,TCN2,TCN,lt2,40,17,40.0,0.023382272543316894,0.0010961288111586585,0.0009921842818061413,-0.0001879824478880322,-1.7053541863521725e-05,0.8043699510006747,0.058823529411764705,0.07741729370941271,10,0.05
TCN3_86cfaf0d,TCN3,TCN,lt1,40,18,40.0,0.04991836061167978,0.002513102615139368,0.005050567647217561,-0.0003436665038685125,-6.758508558338703e-05,0.7260481542887015,0.05555555555555555,0.06699901387881052,10,0.05
TCN3_ad6e008c,TCN3,TCN,lt1,40,18,40.0,0.04991836061167978,0.002513102615139368,0.005050567647217561,-0.0003436665038685125,-6.758508558338703e-05,0.7260481542887015,0.05555555555555555,0.06699901387881052,10,0.05
TCN3_73866807,TCN3,TCN,lt1,40,18,40.0,0.03182912113730551,0.0015638214312128263,0.0019165170096303054,-0.00024665365042260304,-2.925237757318495e-05,0.7495660252879991,0.05555555555555555,0.07503447321220869,10,0.05
TCN3_cc08d40e,TCN3,TCN,lt1,40,18,40.0,0.03500076417637887,0.0015546537605325248,0.0023395796169586665,-0.0002917965113971003,-3.77376662146896e-05,0.8326216236457207,0.0,0.08087027108811126,10,0.05
TCN3_226f1e11,TCN3,TCN,lt1,40,18,40.0,0.026097031590617683,0.0015800847287456862,0.0013697431981927,-0.00022832881877489508,-2.488599255343405e-05,0.7961566404344762,0.05555555555555555,0.0847686944929268,10,0.05
TCN3_4e6da531,TCN3,TCN,lt1,40,18,40.0,0.028851004708533596,0.0016251667752287193,0.001663993688920061,-0.0002200991379298908,-2.339382847112981e-05,0.7436211200868672,0.05555555555555555,0.07424798078810381,10,0.05
TCN3_0f35c2b5,TCN3,TCN,lt2,40,17,40.0,0.06524589239467891,0.003370979359571283,0.009165828224034564,-0.0003936609693328894,-0.00010030202796102037,0.8231069557889826,0.23529411764705882,0.059228790595957974,10,0.05
TCN3_96e43345,TCN3,TCN,lt2,40,17,40.0,0.06524589239467891,0.003370979359571283,0.009165828224034564,-0.0003936609693328894,-0.00010030202796102037,0.8231069557889826,0.23529411764705882,0.059228790595957974,10,0.05
TCN3_c4349ecc,TCN3,TCN,lt2,40,17,40.0,0.039688354191821554,0.0018917371238169162,0.0030833904279183467,-0.0002726421300092171,-4.344019353105972e-05,0.7922654500066526,0.11764705882352941,0.0667959270583719,10,0.05
TCN3_8f7ea8e0,TCN3,TCN,lt2,40,17,40.0,0.04243387340037156,0.0024026178291340523,0.0036188150285425824,-0.000309108241969309,-5.1939788572684364e-05,0.8167831063901816,0.0,0.07103325270274201,10,0.05
TCN3_77409486,TCN3,TCN,lt2,40,17,40.0,0.025761731104239235,0.0020892209423118467,0.001333876825664506,-0.00020044543811472554,-1.898507505083585e-05,0.763059558233638,0.0,0.07605688741798688,10,0.05
TCN3_915ac843,TCN3,TCN,lt2,40,17,40.0,0.03178969584993837,0.0020062719226560818,0.0020234759632760005,-0.00027021358504321683,-3.418213106317198e-05,0.7611299502965957,0.0,0.08272597569372676,10,0.05
TCN4_2d93ec02,TCN4,TCN,lt1,40,18,40.0,0.06168829331379629,0.0019407544206373492,0.006832601641465134,-0.0005105397241684634,-0.00012452881160598093,0.8035485382139355,0.0,0.08011586803253072,10,0.05
TCN4_acf89449,TCN4,TCN,lt1,40,18,40.0,0.06168829331379629,0.0019407544206373492,0.006832601641465134,-0.0005105397241684634,-0.00012452881160598093,0.8035485382139355,0.0,0.08011586803253072,10,0.05
